Age,Gender,Height_cm,Weight_kg,BMI,Daily_Steps,Calories_Intake,Hours_of_Sleep,Heart_Rate,Exercise_Hours_per_Week,Smoker,Alcohol_Consumption_per_Week,Diabetic,Heart_Disease,Systolic,Diastolic
medium,Male,low,medium,high,low,low,high,high,very_high,No,high,No,No,very_high,low
high,Male,very_low,medium,very_low,high,low,very_low,high,low,No,high,No,No,high,very_low
medium,Female,very_low,low,high,very_high,low,very_low,low,low,Yes,very_low,No,No,high,low
low,Male,very_high,medium,high,very_high,medium,very_low,very_high,very_high,No,medium,No,No,high,very_high
high,Male,very_low,very_low,high,very_high,high,very_low,very_high,very_high,Yes,high,No,No,low,very_low
very_low,Female,very_high,medium,high,low,very_high,medium,high,low,No,high,No,No,low,high
very_high,Male,medium,low,very_high,very_high,medium,very_high,high,very_high,Yes,very_low,Yes,No,very_low,very_high
low,Male,medium,very_high,medium,high,very_high,medium,low,very_high,Yes,very_low,No,No,very_high,high
medium,Male,low,very_low,very_low,medium,low,low,high,low,No,very_low,No,No,low,medium
very_high,Male,medium,very_high,medium,medium,high,medium,low,very_low,Yes,very_low,Yes,No,low,low
low,Male,medium,very_high,very_low,low,very_low,very_low,very_low,very_low,No,medium,No,No,very_high,very_high
low,Female,high,high,medium,low,high,high,high,medium,Yes,medium,No,No,medium,very_high
very_low,Male,high,very_high,medium,high,very_high,medium,very_low,low,No,very_low,No,No,medium,very_high
very_low,Male,low,low,very_low,very_high,very_high,high,medium,very_high,Yes,high,Yes,No,very_low,low
low,Male,very_high,low,low,very_high,high,very_high,medium,high,Yes,high,No,No,very_low,medium
very_high,Male,high,very_high,very_low,high,very_high,low,high,high,No,medium,No,No,very_high,high
medium,Male,low,high,very_high,very_high,high,medium,high,very_high,No,low,No,No,low,low
high,Female,low,very_low,very_high,very_high,medium,very_high,medium,very_high,No,very_low,Yes,No,low,very_low
low,Male,medium,medium,very_low,high,high,high,very_low,low,No,low,Yes,Yes,medium,low
very_low,Female,medium,low,very_high,high,high,medium,high,very_low,Yes,low,No,No,very_low,low
low,Female,high,high,medium,high,very_low,very_high,medium,high,No,high,No,No,high,very_high
very_high,Male,very_high,very_low,low,very_low,very_high,very_low,medium,low,Yes,low,No,No,very_low,high
very_low,Male,very_high,very_high,very_low,very_low,high,very_high,medium,medium,No,low,No,No,low,very_high
low,Male,high,very_low,medium,medium,high,very_low,low,high,No,very_low,Yes,No,medium,medium
high,Male,very_low,high,very_high,medium,high,medium,medium,very_high,No,very_high,No,No,very_low,high
medium,Female,high,medium,high,high,high,very_high,high,low,No,medium,No,No,low,medium
medium,Male,very_high,medium,very_low,high,very_low,low,high,high,Yes,low,No,No,very_low,very_low
very_low,Male,high,high,very_low,very_low,very_high,medium,very_low,low,No,medium,No,No,very_high,high
very_high,Male,medium,medium,medium,very_low,very_low,low,medium,high,No,very_low,No,No,medium,very_low
low,Male,medium,medium,low,high,very_high,very_high,very_high,very_low,No,medium,Yes,No,high,very_high
medium,Male,very_high,medium,low,high,high,very_high,low,very_high,Yes,medium,No,No,medium,low
very_low,Male,high,very_low,low,low,high,high,very_high,very_low,No,very_low,No,No,low,very_high
very_high,Female,low,very_high,very_high,low,medium,medium,very_high,high,No,low,No,No,very_low,high
low,Female,very_high,very_low,very_high,low,very_high,very_high,very_low,very_low,No,very_high,No,No,very_low,very_high
very_high,Male,very_low,high,medium,medium,very_high,medium,very_low,low,No,low,No,No,very_low,low
high,Male,medium,very_low,very_high,medium,high,medium,very_low,medium,No,high,No,Yes,very_high,medium
low,Male,medium,very_low,low,very_high,high,high,very_high,low,No,medium,Yes,Yes,medium,low
high,Female,medium,low,medium,low,very_high,low,low,very_low,No,low,No,No,very_low,very_high
low,Male,low,medium,low,very_low,medium,very_low,high,low,No,medium,No,No,low,very_low
very_high,Female,low,very_high,high,very_high,medium,very_low,high,high,Yes,very_low,No,No,very_high,very_high
high,Male,high,very_low,very_high,high,high,very_low,very_low,high,Yes,low,No,No,very_high,high
medium,Male,low,medium,medium,medium,very_low,very_high,very_low,very_low,No,low,Yes,Yes,low,low
very_high,Male,very_high,low,low,very_high,very_high,medium,very_high,high,No,low,No,No,low,low
low,Male,very_high,very_low,high,medium,very_high,high,very_low,very_low,No,low,No,Yes,very_low,very_low
low,Female,very_high,low,very_low,low,low,medium,very_low,medium,Yes,high,No,No,very_low,low
very_high,Female,very_low,very_high,very_high,low,low,low,very_low,low,No,very_low,No,No,medium,high
very_high,Male,high,low,medium,medium,medium,low,low,medium,Yes,medium,No,No,high,high
high,Male,very_high,high,medium,very_low,medium,high,high,low,No,high,No,No,high,medium
very_high,Female,high,medium,medium,very_low,very_high,high,high,very_high,No,high,No,Yes,medium,medium
high,Female,medium,medium,high,low,very_low,very_high,very_low,low,Yes,medium,No,No,low,medium
high,Female,low,very_low,very_low,very_high,medium,high,very_high,low,Yes,very_high,No,Yes,very_low,very_high
very_high,Female,low,very_high,high,high,high,medium,medium,low,No,low,No,No,high,very_low
high,Male,low,high,low,high,very_high,high,medium,very_high,No,medium,No,No,very_low,low
very_high,Female,high,high,high,very_low,very_high,very_high,high,high,No,very_high,No,No,very_high,low
very_low,Male,high,very_low,very_high,very_low,very_low,high,high,high,No,medium,No,No,very_high,medium
medium,Female,high,medium,very_high,very_high,medium,very_low,very_low,very_high,No,medium,Yes,Yes,high,high
high,Female,high,very_low,medium,very_high,low,medium,high,very_high,Yes,very_low,No,No,low,very_low
very_low,Female,very_high,low,medium,low,very_low,high,very_low,high,No,high,No,No,very_low,medium
low,Female,medium,very_low,very_low,very_low,medium,high,medium,very_low,No,high,No,No,high,very_low
very_low,Female,very_high,very_low,high,medium,very_high,low,very_low,very_high,No,medium,No,No,medium,very_high
medium,Male,medium,low,low,low,very_low,very_high,medium,very_low,No,high,No,No,low,very_high
low,Male,very_high,very_high,medium,high,very_high,very_high,high,high,Yes,high,Yes,No,medium,very_low
very_low,Female,low,low,low,very_low,low,low,medium,high,No,high,No,No,high,low
low,Female,very_high,very_high,very_low,high,low,very_high,very_high,high,No,high,No,No,high,high
very_high,Male,very_high,high,high,high,medium,very_low,high,medium,No,medium,No,No,very_high,medium
very_low,Female,very_low,very_high,very_low,medium,high,very_low,very_low,high,No,very_low,No,No,very_low,medium
high,Female,medium,very_low,high,very_low,medium,very_low,low,very_high,No,medium,No,No,very_high,high
very_high,Male,medium,medium,low,very_low,very_low,very_low,high,very_low,No,very_low,No,Yes,very_low,low
very_low,Female,high,very_low,very_low,very_low,medium,very_high,very_high,low,No,medium,No,No,very_low,high
low,Female,low,medium,medium,very_low,medium,very_low,very_high,medium,No,high,No,No,very_low,high
very_high,Male,very_low,low,very_low,low,medium,low,very_low,very_high,No,very_high,No,No,very_low,high
very_low,Male,very_low,low,low,low,very_low,very_low,very_low,very_low,No,very_high,No,No,very_low,low
low,Male,medium,very_high,high,high,high,low,high,very_low,No,very_low,No,No,very_high,very_low
medium,Female,very_high,very_high,very_low,high,high,very_low,very_high,very_low,Yes,medium,No,No,very_high,medium
high,Male,very_low,very_low,very_high,very_low,very_high,high,high,very_low,Yes,medium,No,No,very_high,very_high
very_high,Male,very_high,medium,very_low,very_low,low,very_low,medium,very_high,No,high,No,Yes,very_high,very_low
very_low,Male,low,high,low,very_low,low,very_high,low,high,No,high,No,Yes,very_low,high
high,Male,medium,very_low,high,very_high,very_high,very_high,high,high,No,low,No,No,low,very_high
very_high,Male,very_high,very_high,low,high,very_high,very_low,low,medium,No,low,Yes,No,very_high,very_low
very_low,Male,very_low,low,very_low,very_high,very_low,very_high,very_low,high,Yes,high,No,No,low,medium
high,Female,low,medium,low,medium,very_high,very_low,very_low,very_low,No,high,No,No,low,very_high
medium,Female,high,very_low,low,very_low,very_high,low,medium,low,No,medium,Yes,No,medium,medium
very_low,Male,medium,medium,very_high,high,low,very_low,low,medium,No,high,Yes,No,very_low,low
low,Male,very_high,very_low,low,very_low,medium,low,very_high,very_low,Yes,medium,No,No,very_high,very_low
medium,Male,very_low,very_low,high,very_low,high,medium,low,low,Yes,very_low,No,No,low,medium
high,Female,very_high,very_low,very_high,very_high,low,high,very_low,low,No,medium,No,No,high,medium
high,Female,low,high,medium,medium,medium,low,medium,very_low,Yes,high,No,No,very_high,medium
very_low,Female,very_low,medium,very_high,very_high,high,high,low,very_low,Yes,high,Yes,No,high,medium
very_low,Female,low,high,low,low,high,very_low,medium,high,Yes,very_low,No,No,low,high
very_high,Female,very_high,very_low,very_high,very_low,very_low,high,very_low,very_low,No,medium,Yes,No,medium,very_low
very_low,Female,medium,low,very_low,medium,high,low,low,very_high,No,very_low,No,No,medium,very_high
very_high,Female,very_low,low,high,low,medium,very_low,very_low,very_low,No,very_low,No,No,low,very_high
high,Female,low,very_high,medium,very_high,very_low,very_low,low,high,No,very_low,No,No,high,very_low
very_low,Female,high,very_low,low,medium,high,very_low,medium,very_high,No,high,No,No,medium,high
very_high,Male,high,low,high,high,medium,medium,high,very_high,Yes,high,No,No,very_low,high
medium,Male,very_high,very_low,high,high,very_low,very_high,very_low,very_high,No,very_low,No,No,low,medium
low,Male,very_low,very_low,very_low,high,low,very_low,very_low,low,No,very_low,No,No,medium,very_high
low,Male,high,medium,very_low,very_high,low,high,low,low,No,medium,No,No,low,very_high
high,Female,very_high,low,high,low,very_high,high,high,medium,No,very_high,No,No,medium,high
medium,Female,medium,high,high,medium,high,very_high,high,very_low,Yes,very_low,No,No,very_low,very_high
very_low,Male,very_low,high,very_high,very_high,very_high,low,medium,very_low,No,medium,No,No,high,very_high
very_high,Female,low,medium,high,high,very_low,medium,very_high,very_high,No,very_low,No,No,low,medium
medium,Male,high,medium,very_high,very_high,high,very_high,very_high,medium,Yes,low,Yes,No,high,low
very_low,Female,medium,high,high,low,very_low,high,medium,medium,No,high,Yes,No,very_high,very_low
medium,Male,very_low,very_high,low,medium,very_high,low,medium,very_high,No,very_low,No,No,very_high,high
high,Female,very_low,very_high,very_low,high,very_high,very_low,very_low,high,No,very_low,No,No,very_low,medium
low,Female,very_low,very_high,high,medium,high,low,high,high,No,very_low,No,No,very_low,very_low
very_low,Male,low,very_low,high,very_high,low,medium,medium,high,Yes,medium,No,No,medium,high
very_low,Female,medium,low,very_low,medium,low,high,medium,very_low,Yes,medium,No,No,medium,low
low,Male,very_high,very_low,low,very_low,very_low,very_low,low,low,Yes,low,No,No,very_high,high
very_high,Male,very_high,very_low,very_high,medium,medium,high,very_low,very_high,No,very_low,No,No,high,high
very_high,Male,very_low,high,medium,medium,high,medium,low,very_high,Yes,high,No,Yes,low,low
very_high,Male,very_high,very_low,medium,very_high,medium,medium,very_high,very_high,No,very_high,No,No,low,very_high
high,Female,high,very_high,medium,very_low,high,high,low,medium,Yes,high,No,No,high,low
low,Female,medium,low,low,medium,low,very_high,low,very_high,No,very_high,Yes,No,high,high
low,Female,high,low,low,high,very_high,low,low,very_low,No,very_high,Yes,No,very_high,medium
high,Male,very_high,very_low,low,very_low,very_high,very_high,low,very_low,No,very_high,No,No,medium,very_low
low,Female,very_low,very_high,very_low,very_low,very_low,very_low,very_low,low,No,very_low,No,Yes,very_high,medium
high,Male,very_low,medium,high,very_high,medium,very_low,medium,medium,No,very_high,No,No,high,very_low
very_high,Female,very_low,very_low,medium,very_high,very_high,low,medium,low,No,very_low,Yes,No,low,medium
low,Female,very_low,very_high,very_high,very_high,low,very_low,high,low,No,low,No,No,medium,very_high
low,Female,very_high,very_low,very_high,very_low,high,low,medium,very_low,No,very_low,No,No,high,medium
low,Male,medium,high,low,low,medium,very_low,high,medium,No,low,No,No,low,low
very_high,Female,very_high,high,high,low,low,very_high,very_high,high,No,low,Yes,No,medium,high
very_high,Female,very_low,medium,medium,low,very_low,very_low,low,high,No,very_low,No,Yes,medium,very_low
very_high,Male,high,medium,very_high,low,low,high,medium,very_low,No,very_high,Yes,No,very_high,very_low
high,Female,low,very_high,low,high,medium,very_low,medium,medium,No,very_low,No,Yes,very_high,very_low
high,Male,very_high,very_low,high,medium,medium,very_high,high,high,No,medium,No,No,very_low,medium
medium,Female,very_high,very_high,medium,very_low,high,high,very_low,medium,No,high,Yes,No,high,very_low
low,Male,high,low,low,medium,high,very_low,low,low,Yes,medium,No,No,medium,very_high
high,Male,very_high,high,very_low,very_low,low,high,very_low,high,No,very_low,Yes,No,very_low,low
very_low,Female,low,high,high,medium,very_low,medium,high,very_high,No,low,No,Yes,low,very_high
low,Male,low,low,high,very_high,very_high,high,medium,very_low,No,very_low,No,No,low,medium
very_low,Male,medium,very_high,low,medium,very_low,medium,high,low,Yes,medium,No,No,very_low,low
very_low,Male,very_low,medium,high,low,very_high,high,very_high,low,No,high,No,Yes,very_high,low
low,Male,high,high,medium,very_high,high,high,very_high,medium,No,high,No,No,very_high,very_high
very_low,Male,high,high,high,very_high,very_high,medium,low,very_low,Yes,medium,No,No,very_high,low
high,Male,high,medium,very_low,medium,high,very_low,very_low,very_low,No,high,No,No,low,low
very_low,Female,low,medium,very_high,very_low,very_low,very_high,medium,low,No,high,No,No,medium,very_low
low,Male,very_high,medium,low,medium,very_high,low,very_low,very_high,No,low,No,No,high,high
very_low,Male,medium,low,low,very_low,high,medium,high,high,Yes,high,No,No,low,medium
high,Female,very_low,medium,very_low,low,very_low,very_low,very_high,high,Yes,medium,No,No,very_low,low
low,Female,very_low,very_low,very_low,very_high,high,medium,low,very_high,No,low,No,No,low,low
very_low,Female,low,very_high,medium,very_low,very_low,very_high,very_low,very_low,No,high,No,No,high,high
medium,Female,high,low,low,very_low,very_high,low,low,very_high,No,medium,No,No,low,very_high
medium,Female,high,very_low,very_high,medium,very_high,medium,very_low,medium,Yes,high,No,No,medium,very_low
medium,Female,very_low,medium,very_low,very_low,medium,high,very_high,low,Yes,very_high,No,Yes,very_high,medium
very_high,Female,high,very_low,low,high,very_high,very_high,very_high,very_high,No,very_low,Yes,No,low,very_low
very_low,Male,very_low,very_low,low,very_high,medium,medium,high,high,No,high,No,No,low,medium
high,Male,medium,very_high,very_low,high,high,low,high,very_high,No,medium,No,Yes,low,very_low
medium,Female,medium,high,very_low,low,medium,very_high,low,very_low,No,very_low,No,Yes,very_low,very_high
very_high,Male,very_low,medium,medium,high,low,high,very_high,very_high,Yes,very_low,No,No,very_high,very_high
high,Male,very_low,very_low,medium,low,high,very_low,very_low,very_high,No,low,No,No,very_high,medium
medium,Male,medium,very_high,medium,very_high,high,very_low,low,low,No,high,No,No,low,very_high
very_low,Female,high,very_high,medium,very_low,medium,medium,high,very_low,No,high,No,No,very_high,medium
very_low,Female,low,low,medium,low,high,low,medium,very_low,No,medium,No,No,low,medium
very_low,Male,very_high,low,very_low,high,very_low,low,medium,very_high,No,very_high,Yes,No,medium,very_low
very_low,Female,very_low,medium,medium,high,very_high,very_high,high,medium,No,high,Yes,No,very_high,medium
medium,Male,low,very_low,very_high,medium,medium,very_low,medium,low,No,medium,No,No,very_low,medium
medium,Male,high,very_high,medium,very_low,very_high,high,medium,low,No,medium,No,No,low,low
high,Male,medium,high,high,very_low,high,low,medium,low,No,low,No,No,medium,high
very_high,Male,very_low,low,low,very_low,medium,high,high,high,No,low,Yes,No,very_low,low
low,Female,very_low,very_high,high,medium,very_high,high,high,low,No,very_low,No,No,high,very_high
very_high,Female,high,high,high,very_low,very_high,very_low,medium,very_high,No,very_low,Yes,No,high,very_low
low,Female,medium,very_high,medium,high,very_low,medium,very_high,high,No,very_low,No,No,medium,high
medium,Male,low,medium,very_high,high,low,very_low,low,high,No,low,No,Yes,low,low
medium,Female,high,high,very_low,very_low,low,very_high,high,low,No,low,No,No,medium,very_low
high,Male,very_low,very_high,very_low,very_low,very_low,very_high,high,very_low,Yes,medium,Yes,No,very_high,low
high,Female,very_low,very_low,high,very_low,very_high,medium,very_low,medium,No,low,No,No,very_low,high
low,Male,very_high,high,very_high,very_high,high,medium,very_high,low,No,medium,No,No,low,high
low,Male,medium,very_low,very_low,high,very_low,low,very_low,very_low,No,high,Yes,No,low,low
medium,Male,low,high,low,very_high,very_high,high,medium,very_high,No,very_low,No,No,very_low,very_high
very_low,Female,very_low,low,very_low,very_high,very_high,low,medium,medium,No,low,No,No,very_high,low
medium,Female,high,low,low,very_low,low,low,high,very_low,Yes,medium,Yes,No,high,low
medium,Female,very_high,low,high,very_high,low,medium,medium,very_low,No,low,No,No,high,medium
high,Female,low,very_low,medium,high,high,very_low,low,low,No,very_low,Yes,No,very_low,very_low
very_low,Male,medium,low,low,very_high,high,high,very_high,very_high,No,high,No,No,medium,high
very_low,Female,very_low,low,low,medium,low,very_low,very_low,low,No,very_low,No,No,very_low,medium
very_low,Female,low,very_high,very_low,medium,very_high,high,low,low,Yes,very_low,No,No,low,low
very_low,Male,low,medium,low,medium,high,very_low,high,high,No,high,No,No,very_low,low
low,Male,very_high,very_low,high,very_low,high,low,very_high,low,Yes,medium,No,No,very_high,low
very_high,Male,high,high,very_high,medium,very_low,high,very_high,low,No,low,No,Yes,medium,medium
very_low,Female,very_high,very_low,very_high,low,very_low,very_high,very_high,very_low,No,medium,No,No,very_low,very_low
medium,Male,high,very_low,very_low,high,very_high,high,high,low,No,low,No,Yes,high,very_high
low,Male,medium,low,very_high,high,high,low,very_high,very_low,Yes,very_low,Yes,No,very_high,very_low
very_low,Male,very_low,high,high,high,very_high,very_low,medium,very_low,Yes,low,No,No,very_low,very_low
low,Female,high,very_high,high,very_low,very_high,very_high,very_low,high,No,high,No,No,high,medium
low,Male,high,very_low,medium,low,high,medium,very_low,very_low,Yes,very_low,No,Yes,medium,high
low,Female,high,very_low,medium,low,medium,very_low,very_high,high,No,very_high,No,No,high,very_low
high,Female,medium,very_low,low,medium,medium,very_high,very_high,high,No,very_low,No,No,medium,very_high
very_high,Male,low,very_high,very_low,high,very_high,very_high,high,medium,No,low,No,No,medium,very_low
very_low,Male,very_high,very_low,low,high,very_low,very_high,medium,low,No,medium,No,No,very_high,medium
high,Female,high,medium,low,very_low,medium,very_high,low,very_low,No,high,No,No,very_high,very_high
medium,Male,very_low,very_low,medium,medium,high,very_high,high,high,No,medium,No,No,high,high
medium,Male,medium,low,high,low,very_low,very_low,medium,medium,No,very_low,No,No,very_high,very_low
high,Female,low,very_high,medium,medium,high,very_low,low,high,No,medium,No,No,medium,high
high,Female,low,high,very_low,medium,low,medium,very_high,very_low,Yes,low,No,No,very_high,high
very_high,Male,high,very_high,very_high,medium,very_high,medium,high,very_high,No,very_low,Yes,No,very_low,high
medium,Female,medium,high,very_high,high,low,medium,very_high,very_low,Yes,medium,No,No,high,low
very_low,Male,high,medium,high,very_low,very_low,medium,high,low,Yes,medium,No,Yes,high,high
medium,Male,very_high,very_high,very_high,high,medium,medium,very_low,low,Yes,low,No,No,medium,low
medium,Male,high,medium,medium,medium,medium,medium,low,very_low,No,medium,No,No,high,very_low
low,Female,low,very_high,very_high,medium,very_high,very_low,low,medium,No,very_low,No,No,medium,low
medium,Male,very_high,very_low,very_low,high,high,low,high,high,No,very_low,No,No,very_high,very_high
high,Male,very_high,low,low,high,very_low,medium,high,very_high,No,very_low,No,No,very_high,high
low,Male,medium,medium,low,high,very_low,high,high,very_high,No,low,Yes,No,very_low,very_low
high,Female,very_high,very_low,very_low,very_high,very_high,very_low,medium,medium,No,high,No,No,low,medium
medium,Female,high,very_low,very_low,very_low,medium,medium,high,high,No,very_low,No,No,very_high,high
medium,Female,medium,very_low,high,very_low,very_high,high,very_low,very_low,Yes,very_high,No,No,low,medium
very_low,Female,high,high,high,very_low,low,medium,very_low,medium,No,medium,No,No,low,low
medium,Female,very_low,medium,medium,very_low,very_high,very_low,high,very_low,Yes,medium,No,No,low,very_low
very_low,Male,very_low,low,very_low,low,high,medium,very_low,low,No,high,No,No,low,very_low
very_high,Female,very_high,medium,very_high,very_high,low,low,high,low,No,high,No,No,very_high,low
high,Female,very_high,medium,high,low,medium,very_high,medium,low,No,low,Yes,No,high,low
low,Female,medium,very_low,low,high,medium,very_low,low,medium,No,high,No,No,high,very_low
medium,Male,medium,very_low,high,low,low,high,medium,very_high,No,medium,No,No,medium,very_low
very_low,Female,very_high,very_low,low,low,medium,very_low,low,low,No,very_low,Yes,No,very_low,medium
high,Female,very_low,low,low,very_low,very_low,medium,high,very_high,No,very_high,No,Yes,high,high
high,Male,high,medium,very_high,high,very_low,medium,low,high,No,medium,No,No,very_high,medium
very_high,Female,very_high,low,low,medium,low,low,very_low,medium,Yes,very_low,No,No,high,low
very_high,Male,medium,high,medium,high,medium,medium,low,high,No,high,No,No,very_low,high
very_high,Male,high,low,very_high,low,medium,very_low,very_low,very_low,No,low,No,No,very_low,low
very_low,Male,medium,very_high,high,very_high,high,low,very_low,very_high,No,low,No,No,high,low
medium,Male,low,low,very_low,low,medium,high,medium,medium,No,high,No,No,very_low,very_high
medium,Male,high,medium,very_low,high,very_low,low,very_high,very_high,No,high,No,No,very_high,high
high,Female,very_low,high,very_low,medium,low,very_high,very_high,high,No,medium,No,No,high,medium
high,Male,low,medium,high,medium,low,high,high,very_high,No,low,Yes,No,medium,medium
low,Male,low,high,medium,very_high,medium,medium,very_low,high,No,very_low,No,No,medium,low
medium,Female,medium,high,very_low,very_low,very_low,very_low,low,low,No,medium,No,No,high,low
very_high,Male,low,low,very_high,medium,very_low,medium,medium,low,No,high,No,No,high,very_low
very_low,Female,high,medium,medium,medium,high,high,very_low,medium,No,high,No,No,high,high
very_high,Female,very_low,medium,low,low,low,low,medium,medium,No,very_low,No,No,very_low,high
very_high,Female,high,very_low,medium,low,low,high,medium,low,No,very_low,No,No,very_low,very_high
medium,Male,low,high,high,very_low,high,low,very_high,very_high,No,low,No,Yes,very_low,high
low,Male,very_high,low,very_low,medium,very_high,very_high,very_low,medium,No,low,Yes,No,medium,low
medium,Male,medium,low,low,very_high,very_high,very_low,medium,very_high,No,very_high,No,Yes,medium,very_high
very_high,Female,very_high,very_low,very_high,medium,high,very_high,very_low,very_high,No,very_low,No,No,low,high
medium,Male,high,low,medium,medium,medium,medium,very_low,medium,No,low,No,No,very_low,very_low
very_low,Male,low,very_low,medium,medium,very_low,low,high,very_high,No,medium,No,No,very_low,medium
very_high,Male,high,high,medium,medium,very_high,low,medium,medium,No,very_low,No,No,medium,very_high
low,Female,medium,very_low,very_low,low,low,medium,very_high,very_high,No,medium,No,No,very_low,medium
very_high,Female,high,low,very_low,medium,very_high,very_high,medium,low,No,medium,Yes,No,very_low,very_low
very_high,Male,medium,low,medium,medium,low,low,very_high,low,Yes,low,Yes,No,very_low,very_low
high,Male,very_high,low,low,very_high,low,very_low,low,low,No,very_low,No,No,very_low,very_low
very_low,Male,high,medium,very_low,very_high,very_low,medium,medium,medium,Yes,low,No,No,high,very_high
high,Male,very_high,very_low,very_high,very_high,low,medium,medium,medium,No,very_low,No,No,medium,very_low
very_low,Female,very_low,very_low,very_high,high,high,medium,low,medium,Yes,very_high,No,No,very_low,low
medium,Female,low,medium,very_high,high,low,high,high,low,No,high,No,No,medium,very_low
very_low,Female,medium,high,very_high,very_high,medium,low,low,very_high,No,high,No,No,high,low
very_low,Female,very_low,low,low,high,high,very_high,very_low,medium,No,medium,No,Yes,medium,medium
low,Male,very_low,high,very_high,low,low,medium,very_high,low,No,medium,No,No,medium,low
very_low,Male,high,low,very_low,very_high,medium,very_low,medium,high,No,low,No,No,medium,high
very_high,Male,high,high,very_high,high,very_low,high,very_high,high,No,low,No,No,low,very_high
medium,Female,high,low,very_high,low,medium,high,very_high,very_high,No,very_low,No,No,high,high
medium,Male,medium,high,high,high,high,low,low,medium,No,very_high,No,No,very_high,low
high,Female,low,medium,very_high,high,very_high,high,very_high,very_low,No,low,No,No,very_low,low
high,Female,medium,very_high,medium,very_low,high,low,medium,medium,No,high,No,No,very_low,very_low
high,Male,high,high,low,low,low,medium,very_high,medium,No,very_high,No,No,medium,low
low,Male,medium,very_low,medium,very_high,high,very_high,low,very_high,No,very_low,No,Yes,very_high,medium
low,Male,medium,very_high,medium,medium,very_low,very_low,very_high,low,No,high,No,No,low,high
very_high,Female,very_low,low,very_low,low,very_low,low,very_high,very_high,No,very_low,No,No,very_high,medium
very_high,Male,low,low,high,high,very_high,very_high,very_high,medium,No,very_low,Yes,No,very_low,very_low
medium,Female,high,medium,very_high,low,very_low,very_high,high,very_high,No,very_low,No,No,high,medium
medium,Male,high,medium,very_low,very_low,high,medium,medium,very_low,No,medium,No,No,medium,low
low,Female,very_high,medium,very_high,high,very_high,medium,very_high,very_high,No,medium,No,No,low,very_low
high,Female,very_low,low,very_high,high,high,medium,medium,very_high,No,very_low,No,No,very_low,medium
high,Male,medium,very_low,very_high,low,high,very_high,low,very_high,Yes,high,No,No,medium,medium
high,Female,low,very_high,very_high,very_low,medium,very_high,very_high,very_low,Yes,low,No,No,medium,medium
very_high,Female,low,low,medium,high,very_low,very_low,very_low,very_low,No,low,No,No,medium,low
high,Male,medium,very_low,very_high,very_high,medium,medium,low,high,No,low,No,No,high,high
very_high,Female,low,very_low,high,low,very_low,medium,very_low,very_low,No,high,No,No,high,high
high,Male,very_low,very_low,very_low,medium,high,high,very_low,very_low,No,high,No,No,very_low,low
very_low,Female,very_low,very_high,medium,very_low,high,high,very_high,low,No,low,No,No,high,low
very_high,Male,medium,very_low,high,very_high,high,high,very_high,medium,No,low,No,No,medium,high
medium,Male,medium,very_high,low,medium,medium,very_high,high,medium,No,very_low,No,No,high,very_low
very_low,Female,low,very_low,high,very_high,very_high,very_low,very_high,very_low,No,high,No,No,low,medium
very_low,Female,very_high,low,high,very_low,medium,low,medium,very_low,No,very_low,No,No,medium,low
high,Female,low,high,very_low,low,medium,medium,low,medium,Yes,low,No,No,very_high,low
medium,Female,very_high,low,medium,medium,low,low,high,medium,No,medium,No,No,medium,very_low
high,Female,medium,very_high,high,very_low,medium,very_low,medium,very_low,No,very_high,No,Yes,low,very_high
very_high,Male,low,medium,medium,very_high,very_high,very_low,low,low,No,high,No,No,medium,very_low
low,Female,high,very_low,very_low,high,very_high,high,high,very_high,No,high,Yes,No,very_low,very_high
very_high,Male,high,very_low,very_low,high,very_high,very_high,low,very_high,No,low,No,No,medium,very_low
high,Male,low,medium,low,very_low,high,medium,low,very_high,Yes,medium,No,No,medium,medium
very_low,Female,very_low,very_high,very_high,high,very_high,medium,very_low,very_high,No,very_high,Yes,Yes,low,very_high
very_low,Male,medium,high,low,medium,medium,low,very_low,low,Yes,very_low,No,No,high,low
medium,Male,very_low,very_low,high,medium,low,high,very_low,high,No,medium,No,Yes,low,very_low
very_high,Male,high,very_low,low,medium,medium,high,medium,low,No,medium,No,No,very_high,high
low,Male,very_low,medium,low,low,medium,medium,very_low,high,No,medium,No,No,high,very_high
medium,Female,very_high,high,very_high,very_low,medium,low,low,low,No,very_low,No,No,very_high,very_low
medium,Male,low,low,high,very_low,very_high,very_low,low,medium,Yes,high,No,No,medium,very_high
medium,Female,high,low,very_low,low,low,very_low,high,medium,No,low,No,No,high,high
very_low,Female,very_low,very_high,medium,low,very_high,high,medium,very_low,Yes,low,No,No,very_high,very_low
low,Male,medium,high,very_low,very_low,low,very_high,medium,high,No,very_low,No,No,high,low
very_high,Female,medium,very_high,medium,very_low,medium,very_high,very_low,very_low,No,low,No,Yes,high,high
very_low,Female,high,very_low,high,very_low,very_high,medium,high,low,No,high,Yes,No,low,low
very_high,Female,very_high,very_low,very_low,high,low,high,low,very_low,No,high,No,No,medium,low
high,Male,high,low,low,very_low,high,very_high,high,low,No,medium,No,No,high,high
low,Female,medium,very_low,medium,high,very_high,low,low,very_low,No,high,No,No,high,very_high
medium,Female,very_low,low,very_high,medium,high,medium,low,very_high,Yes,low,Yes,No,medium,very_low
very_low,Female,low,low,very_high,very_high,medium,very_high,medium,low,No,very_low,No,No,low,high
medium,Male,high,medium,very_low,high,high,low,very_low,medium,No,very_low,No,No,medium,high
very_high,Female,low,high,high,very_low,high,very_high,very_low,low,Yes,very_low,No,No,low,very_low
very_low,Male,high,low,low,high,very_low,very_high,low,high,No,high,No,No,very_low,medium
very_high,Male,high,medium,low,low,medium,high,very_high,high,No,high,No,No,very_low,very_high
very_low,Male,low,high,high,very_high,medium,very_high,low,high,No,very_high,No,No,medium,very_high
very_high,Male,medium,very_low,very_high,low,low,high,high,high,No,medium,No,No,very_high,medium
very_high,Male,medium,very_high,very_high,low,very_low,high,very_low,very_high,No,very_low,Yes,No,high,medium
low,Male,very_low,very_high,medium,very_low,very_low,low,medium,very_high,No,medium,No,No,low,high
medium,Female,high,high,low,very_low,very_high,very_low,very_low,high,No,high,No,No,medium,low
low,Male,very_low,low,high,medium,low,low,low,very_low,No,very_low,No,Yes,very_low,low
very_low,Female,very_high,low,low,very_high,high,high,low,high,Yes,high,No,No,medium,medium
high,Female,low,very_low,medium,low,very_high,very_low,very_high,medium,No,very_low,Yes,No,very_high,high
medium,Male,low,very_low,low,medium,high,very_low,very_high,high,No,low,No,No,very_high,low
very_low,Female,medium,very_low,high,very_low,low,very_low,high,very_high,No,very_low,No,No,low,medium
low,Female,very_low,very_high,low,very_high,medium,high,very_high,high,Yes,medium,No,No,high,very_low
very_low,Female,medium,high,very_low,medium,very_low,very_high,very_low,very_high,No,very_high,No,No,low,very_low
high,Female,very_low,very_low,very_high,very_high,medium,very_high,low,very_low,Yes,high,No,No,very_high,high
low,Male,low,low,very_low,high,low,medium,high,very_low,No,medium,No,Yes,very_low,very_high
medium,Female,very_high,medium,medium,low,medium,very_high,high,low,Yes,low,No,No,low,medium
very_low,Male,medium,medium,low,very_low,very_high,high,low,very_high,No,low,No,No,very_high,medium
very_high,Female,medium,low,very_low,medium,low,medium,medium,very_high,No,low,No,No,very_low,medium
very_high,Female,medium,medium,very_low,very_high,high,medium,high,high,Yes,very_high,No,No,very_low,very_low
very_low,Male,very_high,very_high,very_low,medium,very_high,very_low,high,high,No,high,No,No,medium,very_high
low,Female,low,very_high,very_high,very_high,very_high,very_high,very_high,high,No,very_high,No,No,very_low,high
medium,Female,high,low,low,medium,high,low,high,very_high,No,very_high,No,No,high,medium
very_low,Female,low,high,very_high,very_high,very_low,medium,very_high,very_high,Yes,very_high,No,No,low,medium
low,Male,very_low,very_high,medium,low,very_high,high,high,high,No,very_high,No,No,high,very_low
very_high,Female,low,low,medium,very_low,high,low,low,high,No,very_high,No,No,very_high,medium
very_high,Male,very_low,low,medium,low,high,low,low,very_low,No,very_low,No,No,high,medium
medium,Female,very_low,medium,medium,medium,very_high,high,very_high,high,Yes,low,No,No,low,medium
low,Male,very_low,very_high,high,low,very_high,very_low,medium,low,No,very_low,No,No,high,low
low,Male,high,medium,low,medium,very_low,high,very_low,very_low,No,high,Yes,No,very_low,medium
very_low,Female,low,very_high,low,medium,high,medium,very_high,very_high,No,medium,Yes,No,very_high,high
low,Female,high,low,very_high,very_high,high,high,very_low,medium,No,very_high,No,No,very_high,high
low,Male,high,high,very_high,high,low,high,high,very_high,No,high,No,No,high,very_low
medium,Male,very_high,high,very_high,low,very_low,medium,low,low,No,medium,No,No,medium,very_high
very_low,Female,medium,high,medium,low,low,medium,low,medium,No,high,No,No,low,high
high,Male,medium,high,high,medium,high,high,high,medium,No,medium,No,No,medium,medium
high,Female,low,low,medium,very_high,medium,high,high,very_low,No,medium,No,No,low,medium
medium,Female,low,very_high,medium,high,very_low,high,very_high,medium,No,medium,No,Yes,high,very_high
high,Female,low,high,low,very_low,high,very_high,very_high,low,No,high,No,No,medium,low
medium,Female,very_high,very_high,medium,low,medium,very_low,very_high,very_low,No,high,No,No,very_low,high
low,Male,low,high,very_low,low,very_high,medium,high,low,No,very_low,Yes,No,very_low,low
high,Female,medium,medium,low,medium,medium,very_high,medium,low,No,low,Yes,No,very_high,very_low
very_low,Male,very_low,low,very_high,very_high,low,medium,very_high,high,No,medium,No,No,high,very_low
very_low,Female,very_high,very_high,low,medium,high,very_low,medium,very_low,No,high,No,No,medium,medium
medium,Male,medium,very_low,very_low,high,high,medium,very_low,high,No,medium,No,No,very_high,low
very_high,Female,low,low,very_low,very_high,low,very_low,very_low,high,No,very_low,Yes,No,very_high,medium
low,Male,medium,high,very_high,medium,very_high,low,medium,medium,No,low,Yes,No,very_high,very_high
high,Male,very_low,very_low,medium,very_low,very_low,very_high,medium,very_high,No,medium,No,Yes,high,very_high
low,Female,low,very_high,medium,medium,low,medium,very_low,high,No,high,No,No,high,low
medium,Female,medium,high,very_high,very_low,medium,low,medium,high,No,medium,No,No,low,high
medium,Female,very_high,very_low,very_high,medium,high,very_high,high,very_low,No,medium,No,No,high,medium
high,Female,very_high,low,low,high,medium,very_high,medium,high,No,high,No,No,very_low,very_low
medium,Male,very_low,very_high,high,very_low,high,medium,medium,very_high,No,high,No,No,low,very_low
very_low,Female,very_low,very_high,high,low,very_low,low,very_low,low,No,medium,No,No,medium,low
very_high,Male,medium,very_low,high,medium,high,very_high,low,very_low,No,high,No,No,high,medium
low,Male,very_high,high,very_low,very_high,very_high,high,medium,low,Yes,medium,No,No,very_high,very_high
low,Female,medium,very_low,very_high,high,medium,high,very_high,high,Yes,very_low,No,No,medium,very_high
high,Male,very_low,very_high,medium,low,very_high,very_high,high,low,No,very_low,No,No,very_low,high
very_high,Male,low,high,low,medium,low,high,low,high,No,medium,No,No,low,medium
high,Male,very_high,low,medium,very_low,medium,low,medium,very_low,Yes,very_low,No,No,very_high,very_low
very_high,Male,low,medium,very_low,medium,low,high,high,very_high,No,high,Yes,No,high,very_high
high,Female,medium,medium,very_low,low,high,low,very_low,low,No,very_low,Yes,No,medium,medium
very_low,Female,medium,high,high,low,very_low,high,very_high,low,No,very_low,Yes,No,medium,high
very_low,Female,low,low,very_low,low,medium,high,very_low,medium,No,high,Yes,No,high,medium
high,Female,very_low,very_high,medium,high,low,very_low,very_low,very_low,No,medium,No,No,very_low,high
very_high,Male,low,very_high,medium,medium,medium,medium,very_low,very_low,Yes,very_high,No,No,very_low,high
very_low,Male,very_high,medium,very_low,low,very_high,low,high,low,No,very_low,No,No,very_high,high
very_low,Female,low,high,very_high,high,high,low,medium,medium,No,very_low,No,No,medium,low
medium,Female,high,low,low,high,medium,high,very_high,very_high,No,medium,No,No,low,low
medium,Female,very_low,very_high,low,very_high,low,low,very_high,very_high,No,low,No,No,very_low,medium
very_high,Male,high,very_low,low,very_high,very_high,high,high,medium,No,low,No,No,low,very_low
very_high,Female,very_high,very_high,low,very_high,very_low,very_low,very_high,very_low,Yes,high,No,No,low,very_high
very_low,Female,medium,very_low,very_low,very_high,high,high,very_low,medium,No,medium,Yes,No,very_high,very_high
high,Female,very_low,medium,high,medium,medium,very_high,very_low,high,No,high,No,No,very_low,high
medium,Male,medium,medium,very_high,medium,very_low,high,medium,low,No,low,Yes,No,medium,very_low
low,Male,very_low,very_low,low,high,low,medium,high,very_low,No,very_high,No,Yes,very_low,medium
high,Male,very_low,low,high,medium,medium,very_high,high,low,Yes,low,No,No,high,low
low,Male,low,very_high,high,very_high,medium,low,high,high,No,very_low,No,Yes,very_low,high
very_low,Male,low,very_high,very_high,high,low,very_low,very_low,low,Yes,very_low,No,No,low,medium
low,Male,very_low,medium,medium,high,very_low,medium,low,very_high,No,very_low,No,Yes,medium,very_low
low,Male,medium,high,low,very_high,very_low,very_low,very_low,low,Yes,very_low,Yes,No,very_low,medium
very_high,Male,low,high,low,low,low,very_high,high,very_low,No,medium,No,No,high,medium
very_high,Female,medium,very_high,high,very_low,very_high,low,low,medium,Yes,low,No,No,low,low
medium,Female,low,very_high,very_high,low,high,high,medium,medium,Yes,very_low,No,Yes,high,low
low,Male,very_high,very_high,very_low,medium,low,high,medium,very_low,No,medium,No,No,very_high,medium
high,Male,very_high,medium,low,high,medium,low,very_low,very_low,No,very_low,No,No,very_low,low
very_low,Female,medium,low,very_high,medium,high,high,very_low,very_low,Yes,very_low,No,No,low,high
high,Male,high,medium,very_high,medium,high,very_low,very_high,very_low,Yes,very_low,No,No,high,very_high
very_low,Male,high,medium,very_high,very_low,high,medium,medium,low,Yes,high,No,No,very_low,very_low
medium,Male,very_low,low,high,low,high,very_low,very_low,very_high,No,very_low,No,No,medium,very_low
medium,Female,very_high,medium,medium,high,high,very_high,very_low,medium,No,medium,No,No,low,very_low
high,Female,medium,very_low,medium,high,very_high,very_high,low,high,Yes,high,No,Yes,medium,low
low,Female,high,medium,high,very_low,very_low,low,very_high,low,No,medium,No,No,very_low,very_low
very_high,Female,high,high,very_low,very_low,high,low,low,low,No,very_low,No,No,very_low,very_low
medium,Female,high,very_low,medium,high,very_low,high,very_high,very_low,No,very_low,No,No,high,medium
high,Male,very_low,very_low,high,low,high,low,very_low,medium,No,high,No,No,high,very_low
very_high,Female,very_low,low,very_low,high,very_high,very_high,low,medium,No,very_high,No,No,medium,very_high
low,Male,medium,high,high,low,high,medium,low,very_low,Yes,high,No,No,high,medium
medium,Male,medium,very_high,medium,high,low,low,very_low,high,No,high,No,No,low,low
low,Female,high,high,very_high,very_high,very_high,very_high,medium,medium,No,low,Yes,No,very_high,very_high
medium,Female,low,high,very_low,very_high,low,medium,low,low,No,low,No,No,high,low
low,Male,low,high,low,low,very_low,very_high,very_low,very_low,No,very_low,Yes,No,very_low,very_high
high,Male,very_high,very_high,medium,high,very_high,very_high,medium,medium,No,very_high,No,No,very_low,very_high
low,Male,high,low,low,high,high,very_low,very_high,high,No,very_low,No,No,high,medium
very_low,Female,low,very_high,high,very_high,very_high,very_low,low,low,No,very_high,No,No,very_low,very_low
very_high,Female,low,high,high,low,high,very_high,very_high,low,No,low,No,No,very_high,medium
medium,Female,medium,medium,very_low,very_low,very_high,very_high,high,medium,No,very_high,Yes,No,high,low
low,Female,medium,very_low,medium,high,very_high,very_low,low,very_low,Yes,very_high,Yes,No,very_high,medium
very_high,Female,low,very_high,medium,high,medium,very_high,low,high,No,high,No,No,very_high,very_high
high,Male,high,very_low,low,very_low,very_low,medium,high,medium,No,very_low,No,No,low,very_low
medium,Female,very_low,medium,very_high,medium,high,low,low,very_low,Yes,high,No,No,high,high
medium,Male,high,low,very_high,very_high,low,very_high,very_high,very_low,Yes,very_low,No,No,low,very_low
very_low,Male,high,very_low,high,very_low,high,low,medium,high,No,very_low,No,No,very_low,very_low
medium,Male,very_high,high,high,very_low,very_high,very_high,very_high,low,No,low,No,No,low,very_high
very_low,Female,high,low,medium,low,low,low,high,very_low,No,medium,No,No,medium,medium
low,Female,very_low,medium,very_high,very_low,medium,high,medium,high,Yes,high,No,No,high,very_low
high,Female,high,low,high,low,very_high,low,high,low,No,low,No,No,high,high
low,Male,high,very_low,high,medium,medium,medium,medium,medium,No,very_low,No,No,low,medium
very_high,Male,high,very_high,very_high,low,very_high,high,medium,low,No,medium,No,No,very_low,very_high
very_low,Male,low,medium,low,very_high,very_low,very_low,very_high,high,No,very_low,No,No,low,low
very_low,Male,medium,very_high,very_high,very_high,very_low,medium,high,low,No,high,Yes,No,low,medium
very_low,Male,high,low,very_low,high,very_low,medium,medium,very_high,No,high,No,No,very_high,high
low,Male,low,very_high,low,low,very_low,very_low,medium,high,No,very_low,No,No,very_low,medium
medium,Female,medium,very_low,low,low,very_low,very_high,low,very_low,No,high,No,Yes,high,very_low
high,Female,medium,medium,very_high,medium,medium,low,medium,low,No,low,No,Yes,medium,very_high
very_low,Female,high,high,very_high,very_low,medium,medium,high,low,No,very_low,No,No,very_low,very_high
very_high,Female,very_low,low,high,very_high,medium,medium,very_low,medium,No,very_low,No,No,very_low,low
high,Male,high,very_low,high,low,low,medium,very_low,very_high,No,low,No,Yes,low,medium
low,Male,high,very_high,medium,very_low,very_high,very_low,very_high,medium,Yes,low,No,No,very_high,very_high
very_high,Female,medium,medium,very_high,very_high,low,medium,very_low,very_low,No,very_low,No,No,low,very_low
low,Male,very_high,medium,medium,medium,low,medium,high,high,No,very_high,Yes,No,high,high
high,Female,very_high,high,low,low,very_high,high,medium,very_low,No,high,Yes,No,very_high,very_high
medium,Female,low,very_high,very_low,very_high,very_high,very_high,medium,high,No,high,No,Yes,very_low,low
medium,Female,high,medium,high,low,very_high,medium,medium,high,Yes,high,Yes,No,high,medium
medium,Male,very_high,low,high,very_high,very_low,very_low,medium,low,Yes,very_low,No,No,low,medium
high,Female,very_high,very_high,low,low,high,low,medium,low,No,medium,No,No,very_high,very_high
high,Female,very_high,very_high,very_low,very_high,medium,very_low,low,high,No,medium,No,No,very_low,high
very_high,Female,high,low,very_high,medium,low,very_low,very_low,high,Yes,high,No,No,very_low,low
very_low,Male,very_low,very_high,very_low,medium,very_low,low,high,low,No,low,Yes,No,very_low,low
low,Male,very_low,high,high,very_low,medium,low,very_low,low,No,high,No,No,medium,very_low
low,Female,very_low,medium,very_high,low,very_low,low,medium,medium,No,medium,No,No,low,very_low
medium,Male,very_low,medium,medium,very_low,very_high,very_low,high,very_low,No,very_high,No,No,medium,very_high
low,Male,very_low,high,low,high,very_high,very_low,very_low,very_low,No,very_high,No,Yes,low,very_high
medium,Male,very_low,low,high,high,high,very_low,low,very_low,No,very_high,Yes,No,very_low,medium
medium,Male,high,very_high,very_high,very_low,high,very_low,medium,very_low,No,low,No,No,medium,medium
medium,Male,medium,very_high,medium,low,very_high,medium,high,medium,Yes,very_low,No,Yes,very_high,very_low
high,Male,high,very_high,very_high,low,very_high,medium,very_low,very_high,No,very_low,No,No,medium,high
medium,Male,high,very_low,very_low,high,high,very_low,high,high,Yes,very_high,No,No,high,medium
very_low,Male,very_high,very_low,medium,medium,low,medium,medium,very_low,Yes,low,No,No,very_high,very_low
very_high,Male,low,low,high,very_low,very_low,low,high,medium,No,very_low,No,Yes,medium,high
very_high,Male,very_low,very_high,very_high,medium,low,very_low,very_high,medium,No,low,No,Yes,very_high,very_high
high,Female,very_low,very_high,very_low,very_high,high,very_low,very_low,very_low,No,low,No,Yes,very_low,low
low,Female,very_high,low,very_high,very_high,very_low,medium,low,very_high,No,very_low,No,No,very_low,very_low
very_low,Male,medium,high,medium,medium,medium,high,low,medium,No,high,No,No,low,low
medium,Female,low,medium,medium,low,medium,low,high,very_high,No,low,Yes,No,high,low
high,Female,very_high,medium,very_low,very_high,low,very_low,medium,low,No,low,No,No,medium,very_low
low,Male,very_low,medium,very_high,very_high,low,very_high,very_low,medium,No,high,No,No,high,low
high,Male,very_low,very_high,very_low,high,medium,low,high,very_low,Yes,high,No,No,very_high,high
medium,Male,low,very_high,low,very_high,low,low,very_low,medium,No,very_low,No,No,medium,very_high
medium,Female,low,very_low,low,high,very_high,very_high,very_high,low,No,very_low,No,No,low,very_low
medium,Female,very_low,very_high,very_high,very_low,high,very_high,low,very_high,No,medium,No,No,low,high
high,Male,very_low,very_high,high,medium,very_high,medium,very_low,high,No,very_low,No,No,low,medium
very_high,Male,medium,high,very_high,very_high,high,medium,medium,very_high,No,very_low,No,No,very_high,low
very_low,Male,medium,very_high,low,high,very_high,low,medium,high,No,low,Yes,No,low,high
medium,Female,very_low,medium,high,high,very_low,very_low,very_high,very_high,No,high,No,No,very_high,very_high
very_high,Female,high,very_low,medium,very_low,very_low,medium,very_high,very_low,No,medium,No,No,very_low,medium
high,Female,very_high,low,very_high,high,medium,very_low,very_high,medium,Yes,very_high,No,No,very_high,high
medium,Female,low,low,very_high,very_high,very_low,medium,medium,high,No,very_low,Yes,No,low,medium
low,Male,very_low,low,very_low,very_high,medium,very_high,very_high,high,No,high,Yes,No,medium,very_high
medium,Male,low,very_high,high,high,medium,very_high,medium,high,No,medium,No,No,medium,high
high,Male,low,very_low,very_low,very_high,medium,low,low,low,No,low,No,No,very_low,very_high
high,Male,medium,very_low,medium,very_low,medium,high,very_high,very_low,No,low,No,No,very_high,very_low
very_high,Female,low,low,low,high,very_high,medium,low,very_high,Yes,very_low,No,No,high,high
medium,Female,low,medium,low,high,high,very_high,very_low,medium,No,medium,No,No,very_low,medium
medium,Male,medium,very_high,low,high,very_high,low,medium,very_low,No,low,No,No,high,low
very_high,Male,very_high,low,high,very_low,low,very_low,very_low,high,No,very_high,Yes,No,very_high,very_low
medium,Female,low,low,low,very_low,very_high,very_low,low,very_high,No,very_low,No,No,very_high,low
high,Male,very_high,very_high,high,very_low,very_low,low,very_high,very_low,No,very_low,No,No,very_low,very_low
very_high,Female,high,very_high,medium,very_low,low,low,high,very_high,No,high,Yes,No,very_low,low
low,Male,very_high,low,very_low,very_low,very_high,high,medium,very_high,No,high,No,No,high,high
medium,Male,very_low,very_low,high,high,very_high,high,very_high,very_high,No,medium,No,No,very_high,very_high
low,Male,medium,high,low,low,high,low,low,very_high,No,very_high,No,No,very_high,low
medium,Male,high,medium,medium,very_low,low,medium,medium,medium,No,very_high,No,No,very_low,medium
very_low,Male,very_high,very_low,high,medium,very_low,very_low,very_low,low,No,high,No,No,medium,medium
low,Male,low,medium,low,medium,medium,very_high,very_high,very_low,No,low,Yes,No,very_high,high
low,Male,very_low,high,very_low,low,high,very_high,medium,very_low,No,low,No,No,low,very_high
high,Female,low,low,low,medium,very_low,very_high,very_low,medium,Yes,very_high,Yes,No,medium,very_low
medium,Female,low,high,very_high,medium,low,very_high,very_high,low,No,medium,No,No,low,very_high
very_high,Female,medium,high,high,low,high,very_low,very_low,very_low,No,high,No,No,high,very_low
very_high,Female,high,low,high,high,very_high,very_low,high,low,No,low,No,No,very_high,very_low
very_low,Female,high,very_high,high,very_high,low,medium,very_high,very_low,No,high,No,No,medium,high
high,Male,high,high,very_low,low,very_high,very_high,low,very_high,No,very_low,No,No,very_high,very_low
high,Male,very_low,very_low,medium,low,very_high,very_low,very_high,low,No,low,No,No,medium,very_low
low,Female,medium,very_low,high,very_low,medium,very_low,medium,medium,No,very_high,Yes,No,very_low,high
high,Male,very_low,very_low,very_low,low,medium,high,high,medium,No,very_low,No,No,very_high,high
medium,Female,high,low,low,low,medium,very_low,low,very_low,No,very_high,Yes,No,high,medium
high,Female,medium,medium,low,high,very_low,medium,low,very_high,No,medium,No,No,medium,very_low
low,Male,low,medium,medium,high,low,high,very_low,medium,No,medium,No,No,very_high,low
low,Male,high,high,very_high,high,very_low,low,medium,low,No,low,No,No,low,medium
very_low,Male,very_low,very_low,very_low,low,medium,very_low,very_high,very_low,No,very_low,No,No,low,very_low
low,Female,low,high,medium,low,very_low,high,very_low,low,No,medium,No,No,high,very_high
high,Male,very_high,very_low,very_low,very_high,medium,high,very_high,very_low,No,very_high,No,Yes,medium,very_high
very_low,Female,medium,high,very_high,very_high,very_high,very_high,high,low,No,low,No,No,low,low
low,Female,medium,medium,very_low,medium,medium,low,high,medium,No,medium,No,No,medium,very_low
low,Female,medium,very_high,medium,very_low,very_low,very_low,very_high,very_high,No,very_high,No,No,medium,high
high,Male,medium,very_high,high,low,very_low,high,very_high,high,No,medium,No,No,high,medium
medium,Male,low,very_low,high,high,low,medium,medium,very_low,No,medium,Yes,Yes,low,very_low
very_low,Female,high,very_low,medium,high,medium,low,medium,very_low,No,very_low,No,No,medium,high
high,Male,very_low,very_low,low,low,very_high,high,medium,medium,No,very_low,No,No,high,very_low
very_high,Male,medium,very_low,medium,medium,medium,low,very_high,very_low,Yes,medium,Yes,No,very_low,very_low
high,Male,very_high,very_low,low,very_low,very_high,low,very_high,very_low,Yes,very_low,No,No,high,very_high
medium,Female,low,low,low,very_high,medium,very_low,very_low,very_high,No,very_low,No,No,very_high,low
medium,Female,medium,medium,medium,medium,high,medium,medium,very_low,No,low,No,Yes,high,medium
high,Male,very_high,medium,low,low,very_low,medium,medium,very_high,Yes,low,No,No,low,very_low
very_high,Female,very_high,very_low,low,low,medium,medium,very_low,very_low,No,very_high,No,No,high,low
low,Male,high,very_low,high,very_high,very_low,high,low,very_high,No,high,Yes,Yes,very_high,high
medium,Male,high,medium,very_high,low,low,very_high,medium,medium,No,very_low,No,No,high,very_high
high,Male,high,high,medium,very_high,low,very_low,high,high,No,very_low,No,Yes,low,very_low
low,Male,high,very_low,very_low,low,low,very_low,low,very_low,No,medium,No,No,low,very_high
low,Female,high,very_high,very_low,high,medium,very_low,very_high,very_high,No,low,No,No,very_high,high
very_low,Female,very_low,low,very_high,very_high,very_low,very_low,very_high,very_high,Yes,medium,No,No,very_low,high
very_high,Female,low,medium,low,high,high,high,high,high,No,medium,Yes,Yes,very_high,high
very_high,Male,high,very_low,very_low,high,very_high,high,medium,medium,No,very_low,Yes,Yes,very_high,very_low
very_low,Male,high,very_low,medium,very_high,low,high,medium,high,No,low,No,No,high,high
very_high,Male,very_low,very_low,high,very_high,low,low,very_low,very_low,No,high,No,No,very_high,very_low
medium,Female,high,high,high,very_high,low,low,medium,medium,No,low,No,No,very_low,very_low
high,Male,very_high,low,low,very_low,high,medium,very_low,very_high,No,very_high,No,No,medium,very_high
low,Female,low,very_low,very_low,high,very_high,very_low,medium,low,No,very_low,No,No,low,very_high
very_low,Female,very_low,very_high,very_high,very_high,very_high,high,low,very_low,No,low,Yes,No,low,low
very_low,Female,very_high,low,low,very_high,low,very_high,very_high,low,No,very_low,No,No,high,very_high
high,Female,low,medium,high,low,high,low,very_low,high,No,very_low,No,No,low,very_low
low,Female,high,very_low,high,very_high,very_high,high,very_low,very_low,No,low,No,No,very_high,very_low
very_low,Female,medium,medium,medium,low,very_high,medium,very_high,very_low,No,low,No,No,very_high,low
very_low,Male,low,very_low,low,very_low,very_high,very_low,very_high,very_low,No,very_high,No,No,low,medium
high,Male,high,low,low,very_high,low,medium,low,high,No,high,No,No,very_low,low
low,Female,high,very_high,medium,very_high,medium,low,very_low,very_low,No,very_high,No,No,high,low
low,Female,medium,low,very_high,very_low,high,very_low,medium,high,Yes,medium,No,No,high,low
medium,Male,very_low,very_high,very_high,low,very_low,high,high,low,No,high,No,Yes,very_high,low
medium,Female,high,low,very_low,very_low,low,very_high,medium,high,No,low,No,Yes,low,very_high
very_low,Female,very_high,very_low,very_low,very_low,high,low,very_high,very_high,Yes,high,No,Yes,high,medium
medium,Male,medium,very_high,very_high,high,medium,low,very_low,very_low,Yes,high,No,No,very_high,very_low
low,Female,medium,low,high,very_high,very_high,very_high,high,low,No,medium,No,No,very_low,low
low,Female,very_high,low,very_high,high,very_high,very_high,very_high,very_high,Yes,low,No,No,very_high,high
high,Female,very_high,medium,very_low,high,medium,high,very_low,low,Yes,very_low,Yes,No,low,low
low,Male,low,low,medium,very_low,high,low,very_low,low,No,low,No,No,very_high,low
very_high,Male,low,very_low,high,high,very_high,very_high,very_low,very_high,Yes,very_low,No,Yes,very_high,high
very_high,Male,very_low,very_high,high,high,very_high,very_low,low,very_high,No,low,Yes,No,high,medium
very_high,Female,high,very_low,medium,low,very_low,high,low,medium,No,low,No,Yes,very_high,very_high
low,Female,very_low,high,very_low,low,low,very_low,low,low,No,very_low,No,No,very_high,high
very_high,Male,high,very_low,medium,very_low,very_high,high,very_low,low,No,high,Yes,No,very_low,very_high
very_high,Female,very_high,very_high,low,very_low,low,low,very_low,very_low,No,medium,No,No,high,low
low,Female,high,high,medium,low,low,medium,very_low,high,No,medium,No,No,very_low,medium
high,Female,very_high,very_low,very_high,medium,very_low,low,low,high,No,low,No,No,low,very_low
high,Female,low,very_high,medium,low,high,very_low,medium,very_high,No,low,No,No,very_low,low
high,Female,high,high,very_high,medium,very_high,high,very_high,very_low,No,high,No,No,very_high,low
very_low,Male,medium,very_low,very_low,very_high,low,very_high,very_high,medium,No,very_low,No,No,very_high,low
low,Female,low,medium,high,very_low,high,very_high,medium,very_low,No,high,Yes,No,very_high,low
very_high,Male,very_low,low,very_high,medium,very_low,low,very_low,low,No,very_low,No,No,very_low,medium
high,Female,high,low,very_low,medium,low,high,very_low,high,No,very_high,No,No,very_low,medium
very_high,Male,very_low,very_high,very_low,very_high,very_high,high,low,very_low,No,very_low,Yes,No,very_high,very_high
medium,Female,low,medium,medium,low,very_high,low,very_high,high,No,very_low,No,No,very_high,medium
medium,Male,medium,medium,very_low,very_low,medium,very_low,high,high,No,low,No,No,medium,very_low
very_low,Female,medium,high,high,very_low,medium,high,very_high,very_high,Yes,medium,No,No,very_low,very_low
very_high,Male,very_low,medium,very_high,very_low,very_high,very_high,very_high,high,No,low,No,No,medium,low
very_high,Female,high,medium,medium,high,very_low,high,medium,high,No,medium,No,No,medium,medium
high,Male,high,high,low,high,very_high,medium,low,medium,No,medium,No,No,medium,very_high
high,Female,very_low,high,medium,high,very_low,medium,low,very_low,Yes,very_low,No,No,high,low
very_low,Male,very_low,very_high,high,very_high,very_low,low,high,medium,No,very_low,No,No,high,medium
medium,Male,high,very_high,very_low,very_low,very_low,high,very_low,medium,No,very_low,No,No,low,low
very_low,Female,low,low,medium,medium,very_low,high,medium,high,No,very_low,No,No,low,medium
very_low,Female,high,high,medium,very_high,very_low,very_low,very_low,medium,No,high,No,No,high,medium
high,Male,very_high,low,high,very_high,low,very_high,very_low,low,No,low,No,No,very_high,medium
medium,Female,medium,low,low,medium,low,low,high,low,No,high,Yes,No,very_high,very_high
high,Male,very_high,very_high,high,very_low,very_high,very_high,low,very_low,No,low,No,No,high,high
medium,Male,medium,very_low,very_low,very_high,low,low,very_low,high,No,low,No,No,very_high,high
high,Male,very_low,very_low,very_low,very_high,high,very_low,very_low,high,No,very_low,Yes,No,high,very_high
medium,Female,very_low,medium,very_high,very_low,low,low,medium,high,No,medium,No,No,high,very_high
very_high,Male,very_low,medium,high,very_low,very_high,medium,high,low,No,low,No,No,high,low
high,Male,low,low,very_low,very_high,high,very_low,low,low,Yes,very_low,No,No,low,medium
high,Female,low,medium,low,medium,medium,medium,very_high,high,No,medium,No,No,medium,high
low,Female,very_low,very_high,low,low,very_low,high,very_low,high,No,very_low,No,No,high,low
very_low,Female,medium,medium,low,high,medium,high,very_high,medium,No,high,No,Yes,high,medium
high,Female,very_low,low,low,medium,very_low,very_low,medium,medium,No,very_low,No,Yes,low,high
very_high,Male,low,high,very_low,low,high,medium,low,low,No,high,Yes,No,medium,low
high,Male,medium,medium,medium,very_low,high,very_low,very_low,high,No,high,No,No,very_high,very_low
medium,Male,high,very_high,high,medium,low,high,high,very_high,No,very_low,No,No,medium,high
low,Male,very_low,low,medium,medium,medium,very_low,high,high,No,very_high,No,No,low,high
low,Female,very_low,very_low,high,high,very_low,very_high,very_low,medium,No,high,No,No,medium,very_high
very_high,Male,low,very_high,very_low,medium,low,high,very_low,medium,Yes,very_low,No,No,very_high,medium
low,Male,very_low,very_high,very_high,medium,medium,medium,high,high,No,very_low,No,No,very_high,high
medium,Female,very_high,very_low,very_high,very_low,high,medium,high,high,No,very_low,No,No,high,low
very_high,Male,low,very_high,very_high,high,low,very_low,very_low,medium,No,high,No,No,very_low,medium
very_high,Male,very_low,low,very_high,very_low,very_high,low,high,high,No,very_low,No,No,very_low,low
low,Male,low,high,very_high,very_high,low,very_high,very_high,very_low,No,very_high,No,No,very_low,medium
medium,Male,medium,medium,medium,very_low,medium,very_high,low,very_high,Yes,very_low,No,No,high,low
low,Male,very_high,very_low,very_low,very_high,high,very_low,medium,high,No,very_low,Yes,No,medium,very_high
very_high,Male,high,very_high,high,very_low,very_high,high,very_low,low,No,medium,No,No,medium,low
very_high,Female,very_high,low,high,low,very_low,high,high,medium,No,very_low,No,No,very_high,very_high
low,Female,high,very_high,high,very_high,low,high,low,very_low,No,very_high,No,No,high,very_low
very_low,Male,low,high,medium,medium,very_high,very_low,low,very_low,No,low,No,No,very_low,low
very_low,Male,high,high,very_low,high,high,low,low,low,Yes,low,No,No,high,high
very_high,Female,very_high,very_low,low,very_low,low,low,high,high,No,very_low,No,No,medium,high
very_low,Male,very_high,low,very_high,very_high,very_high,very_high,high,very_high,No,very_low,No,No,low,very_low
very_high,Male,very_high,medium,medium,very_low,very_low,medium,low,medium,No,very_low,No,No,very_low,very_low
very_high,Male,medium,very_low,medium,very_low,medium,medium,medium,medium,No,medium,No,No,very_high,very_high
very_low,Female,very_high,very_low,low,low,very_high,very_high,medium,low,No,low,No,No,very_high,low
high,Male,low,low,low,very_low,low,high,medium,very_low,No,very_low,No,No,high,high
medium,Female,very_low,very_high,very_high,high,very_high,very_high,very_high,very_low,Yes,very_low,No,No,low,very_low
medium,Male,very_high,high,high,high,low,medium,very_high,high,No,very_low,No,No,very_low,high
very_high,Female,low,medium,high,very_low,medium,very_low,very_high,very_high,No,low,No,No,very_high,very_high
very_high,Female,very_high,very_low,medium,high,very_low,very_high,very_high,medium,No,medium,No,No,low,very_low
high,Male,low,very_high,high,very_high,very_low,medium,very_high,high,No,low,No,No,high,high
low,Female,very_low,medium,low,low,high,very_low,low,very_high,Yes,high,No,No,low,low
high,Male,very_low,low,high,very_low,high,low,low,very_low,No,very_low,No,No,medium,very_high
high,Female,high,medium,medium,low,very_high,very_low,high,high,No,very_low,No,No,very_low,medium
very_high,Male,low,low,medium,very_high,low,medium,very_high,high,No,very_low,No,No,low,high
very_low,Male,medium,medium,high,medium,very_low,very_high,very_high,medium,No,high,No,No,medium,medium
low,Female,medium,very_low,very_high,low,very_high,very_high,medium,low,No,low,No,No,very_low,high
very_high,Male,very_low,low,very_low,medium,very_low,very_high,low,high,No,very_low,Yes,No,very_high,low
medium,Male,high,low,very_high,medium,low,very_low,low,high,No,very_low,No,No,very_high,medium
very_low,Female,very_low,high,low,high,very_high,low,high,very_low,No,very_high,No,No,very_high,high
low,Male,high,high,medium,low,low,very_low,low,medium,No,very_low,No,No,very_high,low
medium,Male,very_low,very_low,very_low,low,low,very_high,low,very_low,Yes,very_low,No,No,high,low
very_high,Female,high,medium,low,low,medium,low,medium,very_high,Yes,medium,No,No,very_high,low
very_low,Female,very_high,low,medium,very_high,high,high,low,medium,No,high,Yes,No,low,very_high
very_low,Male,low,low,very_low,very_high,medium,high,medium,very_high,No,very_low,No,No,very_low,very_low
low,Male,low,high,medium,very_low,very_low,medium,medium,low,No,high,No,No,low,low
low,Female,very_high,very_high,very_high,high,medium,low,low,very_low,No,very_low,No,No,medium,medium
high,Female,low,low,very_low,very_high,very_high,very_high,high,very_low,No,very_high,No,No,very_high,high
medium,Male,very_high,high,high,very_low,medium,very_high,very_low,low,No,very_low,No,No,high,very_low
low,Female,medium,very_low,medium,high,medium,low,very_high,low,No,very_low,No,Yes,high,medium
very_high,Male,very_high,medium,high,very_high,very_low,medium,very_high,medium,No,medium,No,No,very_low,very_high
medium,Male,high,high,low,high,low,very_high,low,very_low,No,high,No,No,very_low,very_high
very_low,Male,medium,very_high,very_low,very_low,low,very_low,low,medium,No,very_low,No,No,very_high,very_high
medium,Male,very_high,medium,very_low,high,very_high,medium,medium,low,No,high,No,No,very_low,very_low
very_low,Male,medium,medium,very_low,very_low,very_low,very_low,medium,medium,No,high,No,No,medium,high
high,Female,high,medium,very_low,very_high,high,medium,medium,high,No,very_high,No,No,high,very_low
high,Female,medium,very_low,high,low,high,very_low,medium,high,No,medium,No,No,medium,low
medium,Female,very_high,very_high,very_high,medium,very_low,medium,high,very_high,No,low,Yes,No,very_low,high
high,Female,very_high,medium,very_high,very_low,high,low,very_high,very_low,No,low,No,No,medium,very_high
very_high,Male,very_high,high,high,high,very_low,medium,medium,medium,Yes,low,No,No,high,very_high
high,Male,medium,very_low,very_low,medium,low,very_high,very_high,low,No,medium,No,No,medium,medium
very_low,Male,very_high,high,low,very_low,very_low,high,high,low,No,low,No,No,medium,very_low
very_low,Male,high,very_high,low,very_low,low,very_high,medium,high,No,low,No,No,medium,very_high
low,Female,low,medium,low,medium,high,high,low,medium,Yes,high,No,No,high,very_low
low,Male,medium,very_high,medium,very_high,high,very_low,medium,medium,No,medium,Yes,No,very_high,low
low,Male,very_high,very_high,medium,very_high,very_low,low,very_high,medium,Yes,high,No,No,very_high,high
high,Female,low,very_low,low,very_low,high,very_high,high,very_high,No,low,No,No,very_low,high
low,Female,very_high,very_low,low,low,very_low,low,very_low,very_high,No,low,No,No,very_high,low
medium,Female,very_high,medium,very_high,medium,low,very_low,very_low,low,No,medium,No,No,low,medium
medium,Female,very_low,high,high,very_high,high,high,high,very_low,No,high,No,No,very_low,very_high
medium,Male,very_high,low,low,high,medium,low,very_low,very_high,No,high,No,No,high,very_high
very_high,Male,medium,very_high,very_high,very_high,low,low,medium,very_high,No,very_low,No,No,medium,low
medium,Female,very_low,high,very_high,low,low,very_high,very_low,low,Yes,very_low,No,No,high,high
medium,Male,very_low,medium,low,very_high,very_high,very_high,high,low,No,very_low,No,No,very_low,low
low,Male,medium,very_low,low,high,high,medium,low,very_high,Yes,very_high,No,No,medium,very_low
very_high,Male,high,medium,medium,medium,medium,very_high,medium,high,No,medium,No,No,very_low,very_high
very_low,Female,high,very_low,very_high,medium,very_high,high,very_high,low,No,very_low,No,No,high,low
very_high,Male,very_low,very_high,very_high,very_low,high,high,medium,medium,No,very_low,No,No,high,high
very_low,Female,very_high,high,very_low,low,high,very_low,very_high,very_high,No,very_low,No,No,medium,low
medium,Male,medium,low,low,high,very_high,very_low,medium,very_high,Yes,low,No,No,low,very_low
medium,Male,very_high,very_high,medium,very_high,medium,high,low,high,No,very_low,No,No,very_high,low
high,Male,high,high,medium,very_high,high,very_high,low,high,No,very_low,No,No,very_low,very_low
medium,Female,very_low,low,very_low,medium,very_high,high,very_low,very_low,No,very_low,No,No,very_low,medium
very_low,Male,medium,very_high,very_high,high,medium,very_low,medium,very_high,No,medium,No,No,very_low,high
very_high,Female,very_high,high,high,very_high,high,very_low,high,low,No,very_high,No,No,very_high,high
low,Female,very_low,medium,very_high,low,low,very_high,high,very_high,No,very_low,No,No,medium,very_high
very_high,Female,medium,very_high,very_high,very_high,medium,very_low,medium,low,No,medium,No,No,low,low
medium,Male,very_high,very_low,high,low,high,medium,very_high,very_high,No,very_low,No,No,low,very_high
very_low,Male,low,very_high,medium,medium,very_low,very_low,medium,low,No,very_low,No,Yes,low,very_high
very_high,Male,low,medium,medium,high,high,very_low,very_high,medium,Yes,low,No,No,medium,high
very_low,Male,medium,very_high,very_low,very_low,very_low,high,medium,very_low,Yes,low,No,No,very_high,high
high,Female,very_low,very_low,high,high,medium,high,low,high,No,medium,Yes,No,very_high,very_low
very_low,Female,very_high,high,very_low,very_high,very_high,low,very_high,very_high,Yes,very_low,No,No,medium,very_high
low,Female,high,high,high,medium,medium,low,low,high,No,high,No,No,very_low,high
low,Male,very_high,medium,low,very_low,very_low,very_high,very_low,medium,No,high,No,No,low,very_low
low,Female,low,high,very_low,low,low,low,very_low,very_low,No,medium,No,No,very_high,low
very_high,Male,medium,high,very_low,medium,very_low,medium,very_high,very_high,No,very_low,Yes,No,high,very_low
very_low,Female,very_low,high,very_low,low,very_low,very_high,low,high,No,low,Yes,No,very_high,high
high,Male,medium,very_low,high,low,medium,very_low,very_low,high,Yes,medium,No,No,very_low,very_low
medium,Male,very_high,low,high,high,high,very_high,very_low,high,No,very_high,Yes,No,very_low,high
medium,Female,very_low,low,medium,low,medium,very_low,very_high,high,No,low,No,No,very_low,low
low,Female,high,high,very_low,high,low,medium,low,medium,No,very_high,Yes,No,medium,low
low,Female,very_low,low,very_low,medium,high,low,medium,high,No,low,No,Yes,very_low,high
low,Female,low,low,very_low,medium,very_high,very_high,very_low,high,Yes,high,No,No,very_low,high
very_low,Male,medium,high,very_low,high,low,low,low,very_high,No,medium,No,Yes,very_low,very_high
high,Female,low,medium,very_high,very_low,very_low,medium,medium,high,Yes,very_low,No,No,very_high,high
medium,Female,low,low,low,medium,very_low,very_high,high,very_low,Yes,very_low,No,No,very_high,very_low
very_high,Female,very_high,medium,low,low,very_low,medium,high,low,No,very_low,No,Yes,high,high
medium,Male,very_low,high,very_low,high,high,medium,high,very_low,No,very_low,No,No,very_low,low
medium,Male,high,very_low,low,medium,very_low,low,very_low,very_low,No,very_low,No,No,very_low,low
very_high,Female,medium,high,medium,very_high,low,high,very_low,medium,No,very_low,Yes,No,very_high,medium
high,Male,medium,low,medium,medium,high,very_low,low,very_high,No,very_high,No,No,very_high,high
high,Female,very_low,very_low,low,medium,medium,very_low,high,very_low,No,high,No,No,medium,high
medium,Male,very_high,low,very_low,high,high,high,medium,medium,No,low,No,No,medium,medium
very_low,Male,very_low,high,low,low,very_high,low,high,very_high,No,high,No,No,very_low,medium
very_low,Male,very_low,very_high,low,medium,very_high,very_high,high,very_high,No,very_low,No,No,medium,medium
very_low,Male,high,very_high,low,low,medium,very_high,high,medium,No,very_low,No,No,high,low
medium,Female,high,medium,very_high,very_low,very_low,high,high,high,No,low,No,No,medium,low
high,Female,medium,high,medium,high,medium,very_high,very_high,medium,No,very_high,No,No,very_low,medium
very_low,Female,very_high,very_low,medium,medium,low,high,very_low,very_low,No,very_high,No,No,very_low,very_high
high,Male,low,medium,medium,high,very_low,very_low,very_low,very_low,No,very_low,Yes,No,very_high,very_high
high,Female,very_low,very_low,medium,low,high,high,high,very_low,No,low,No,No,low,medium
medium,Female,low,low,medium,very_high,low,low,low,low,No,very_low,No,No,high,very_high
very_low,Female,medium,low,high,high,low,low,medium,very_high,No,very_low,No,No,high,medium
very_low,Male,high,very_high,high,low,low,very_high,very_high,high,No,very_low,No,No,high,very_low
medium,Male,very_low,very_low,very_low,very_high,medium,medium,low,medium,No,low,No,No,very_low,low
high,Male,very_low,very_low,medium,low,very_high,very_high,very_high,medium,No,low,Yes,No,low,very_high
very_low,Female,high,low,medium,low,very_low,low,low,low,No,very_low,No,No,low,high
very_high,Female,high,very_low,very_high,very_low,very_high,high,very_high,high,No,very_high,No,No,high,low
high,Female,very_high,very_high,high,medium,low,very_low,very_low,high,No,very_low,No,No,low,very_high
high,Male,very_low,very_high,medium,medium,low,high,very_high,low,Yes,medium,No,No,very_low,medium
medium,Male,high,medium,very_low,very_low,very_high,high,very_low,very_low,No,medium,No,No,very_low,low
low,Female,low,very_low,medium,very_high,high,medium,very_low,high,No,very_high,Yes,No,very_low,very_low
low,Male,very_low,medium,very_low,very_high,medium,low,medium,medium,No,medium,Yes,No,medium,high
low,Male,high,high,low,very_low,low,very_low,low,low,No,medium,Yes,No,medium,low
very_low,Male,low,high,very_low,low,low,very_low,low,high,No,very_low,No,No,medium,very_low
medium,Male,low,high,high,high,low,high,medium,medium,No,medium,No,No,very_low,very_high
low,Female,high,very_low,low,very_low,high,very_high,very_high,low,Yes,very_low,No,No,very_high,very_high
very_low,Male,medium,very_high,low,very_low,low,low,very_low,low,No,very_low,No,No,medium,very_low
low,Male,low,high,very_high,low,very_high,high,very_high,medium,No,high,No,No,very_high,very_low
very_high,Male,very_high,high,very_low,high,medium,very_high,high,very_high,No,low,No,No,very_low,medium
medium,Male,very_low,very_high,medium,high,very_low,medium,low,very_high,Yes,very_high,Yes,No,low,medium
high,Female,very_low,very_low,medium,low,very_high,high,very_high,very_high,No,high,No,No,medium,very_high
high,Female,medium,high,very_low,very_high,very_low,very_high,high,high,Yes,very_high,No,No,medium,very_low
very_low,Male,very_low,low,very_high,very_high,low,low,very_low,medium,No,low,No,Yes,low,very_low
very_low,Male,medium,medium,very_low,very_low,medium,low,very_low,high,Yes,low,No,No,high,very_high
very_high,Male,medium,high,medium,very_low,very_low,very_low,very_low,very_high,No,very_high,No,No,very_low,very_high
very_high,Male,low,very_high,medium,high,low,very_high,low,low,No,low,No,No,medium,low
high,Male,very_low,very_high,high,medium,low,very_high,very_high,medium,No,medium,No,No,medium,very_high
high,Male,low,high,high,very_high,very_low,high,high,high,Yes,high,No,No,high,very_high
very_low,Female,very_low,very_low,low,very_high,low,very_low,very_high,high,No,low,No,No,low,low
medium,Male,low,medium,very_low,very_high,medium,medium,very_high,low,Yes,very_high,No,Yes,low,low
very_high,Female,medium,high,high,medium,high,very_low,high,medium,No,high,No,No,medium,high
medium,Female,low,medium,medium,low,low,very_low,high,high,No,high,No,No,medium,very_high
low,Male,medium,low,very_high,very_low,high,high,medium,medium,No,low,No,No,low,very_high
low,Female,medium,low,very_high,high,low,very_high,medium,high,No,very_high,No,Yes,very_low,medium
very_high,Female,high,high,very_high,low,very_high,very_high,very_high,low,Yes,high,No,No,high,low
very_high,Female,very_high,very_high,medium,very_high,medium,high,very_low,very_high,No,high,No,No,low,very_low
medium,Female,high,medium,low,medium,medium,very_low,low,medium,No,low,No,No,very_high,medium
very_low,Female,very_high,high,high,high,low,low,high,medium,No,medium,No,No,high,high
medium,Female,high,medium,medium,low,low,low,very_high,very_low,No,low,No,No,high,very_low
very_low,Male,very_high,medium,very_low,high,high,high,very_low,very_low,No,very_low,No,No,very_low,medium
low,Female,high,very_low,very_high,very_low,low,high,high,high,Yes,high,No,No,very_low,high
medium,Female,medium,very_high,very_high,high,high,low,very_high,low,No,high,No,No,medium,low
high,Female,very_low,very_low,medium,very_high,high,medium,high,medium,No,low,Yes,No,low,high
medium,Male,high,low,very_low,very_low,low,very_low,high,very_low,No,high,No,No,medium,very_low
high,Female,very_low,very_low,low,very_high,very_high,low,high,very_high,No,high,Yes,No,medium,low
medium,Male,very_high,high,very_high,high,medium,medium,medium,high,No,medium,No,No,medium,very_high
low,Female,low,high,very_high,very_low,low,very_low,very_high,very_low,Yes,high,No,Yes,very_low,high
high,Male,very_low,very_low,very_low,low,very_high,medium,high,high,No,very_low,Yes,No,very_low,very_high
medium,Male,very_low,medium,very_low,very_high,very_low,very_high,high,very_high,No,low,Yes,No,very_low,high
medium,Female,very_high,low,very_high,very_low,medium,medium,high,high,No,very_low,No,No,very_high,very_high
low,Female,very_low,very_high,low,very_high,very_low,very_low,very_high,low,No,medium,No,No,low,medium
low,Male,very_low,very_low,medium,very_high,high,low,low,high,No,medium,No,No,medium,low
very_high,Female,medium,very_high,very_high,low,medium,medium,low,very_low,No,very_low,Yes,No,very_high,very_low
medium,Male,medium,medium,very_low,low,medium,low,medium,low,No,high,No,No,medium,low
medium,Male,very_low,high,high,low,high,low,low,low,Yes,very_low,No,No,very_low,medium
very_low,Male,very_high,very_high,very_low,very_low,very_low,medium,high,medium,No,very_high,Yes,No,high,very_low
high,Male,very_low,very_low,low,very_low,very_high,medium,high,very_low,No,very_low,No,No,medium,high
very_high,Male,very_low,low,very_high,very_low,high,high,very_low,very_high,No,very_high,Yes,Yes,very_high,medium
very_low,Female,medium,high,medium,high,very_low,low,high,low,No,medium,No,No,low,high
low,Male,medium,medium,very_high,high,high,high,very_high,low,No,very_low,No,No,very_high,low
low,Male,medium,high,medium,low,medium,low,very_low,medium,Yes,very_low,No,No,low,medium
medium,Female,medium,high,low,low,very_low,very_low,low,low,No,very_low,No,No,medium,very_low
high,Male,low,high,low,low,medium,medium,high,medium,No,high,No,No,low,very_low
medium,Female,very_low,low,low,high,high,medium,very_high,low,No,low,No,No,high,low
low,Female,high,very_high,low,very_high,medium,very_high,very_low,very_low,No,very_high,No,No,low,medium
high,Female,very_high,very_high,very_low,very_low,very_low,high,very_high,low,No,medium,No,No,medium,medium
very_high,Male,high,medium,low,high,very_high,very_high,low,medium,Yes,very_low,No,No,low,high
low,Male,low,medium,medium,high,high,very_high,very_low,very_low,No,high,No,No,medium,low
high,Male,very_high,low,high,very_high,very_high,high,high,high,No,medium,No,No,high,low
low,Female,high,low,high,medium,very_high,medium,very_low,high,No,very_high,No,No,very_low,high
low,Male,low,medium,high,low,low,medium,medium,medium,No,low,No,No,high,very_high
very_low,Female,very_high,very_low,very_low,low,medium,very_high,very_high,medium,No,medium,No,No,very_high,very_high
very_high,Male,very_high,medium,low,low,low,high,very_low,medium,No,low,Yes,No,medium,high
low,Female,medium,medium,high,medium,low,very_low,high,very_high,No,very_high,No,Yes,high,medium
high,Male,very_low,very_low,medium,high,very_high,high,very_high,very_low,No,medium,No,No,high,low
medium,Male,very_high,very_high,very_low,low,very_high,very_low,high,very_low,No,very_low,No,No,low,very_low
very_low,Male,very_high,medium,very_high,high,medium,medium,low,very_low,No,medium,No,No,high,very_low
very_high,Female,very_high,very_high,high,very_high,high,low,very_low,very_low,No,low,Yes,Yes,very_low,high
high,Female,very_high,high,medium,medium,very_low,high,high,very_low,No,low,No,No,medium,very_low
low,Male,very_high,very_low,very_low,very_high,medium,very_high,very_low,high,No,very_low,No,No,very_low,very_high
very_low,Male,medium,very_low,high,medium,very_high,low,medium,medium,No,very_low,No,Yes,very_low,very_high
very_low,Female,medium,high,medium,medium,high,very_low,low,very_high,Yes,low,No,No,medium,very_high
very_low,Female,very_high,medium,high,very_low,very_low,low,medium,low,Yes,low,No,No,very_low,medium
medium,Female,low,low,high,medium,low,high,very_low,low,Yes,very_low,No,No,very_high,very_high
very_low,Male,very_high,very_low,very_high,medium,low,low,medium,very_high,No,low,Yes,No,very_high,very_high
medium,Female,low,very_high,medium,very_high,very_high,low,medium,very_high,Yes,very_low,Yes,No,very_low,very_low
high,Male,medium,low,very_low,high,very_low,very_low,low,medium,Yes,high,No,No,very_high,very_low
low,Female,high,very_low,high,very_low,very_low,medium,very_low,medium,No,very_low,No,No,very_low,very_high
very_high,Male,very_low,medium,high,very_low,very_high,low,low,very_high,No,medium,No,No,very_high,high
high,Female,low,very_low,high,high,very_low,high,low,medium,Yes,medium,No,No,very_high,very_high
low,Female,very_low,low,very_low,low,low,very_low,low,very_low,No,very_low,Yes,No,very_low,low
very_high,Female,medium,medium,very_low,low,very_high,high,very_low,very_high,No,very_low,No,No,very_high,high
very_low,Female,low,very_low,very_high,high,low,low,very_low,medium,No,medium,No,Yes,high,low
medium,Female,medium,medium,high,very_high,medium,medium,low,very_low,No,very_low,No,No,high,very_low
very_low,Male,low,very_low,very_high,medium,very_low,low,low,medium,No,very_high,Yes,No,very_low,low
low,Female,high,medium,high,high,medium,high,high,low,No,medium,No,No,very_high,medium
high,Female,low,very_high,medium,very_high,low,very_high,very_high,very_high,No,medium,No,No,low,very_low
very_high,Female,very_low,high,high,medium,very_high,very_high,high,very_low,No,low,No,No,medium,medium
low,Male,very_high,high,very_high,very_low,low,medium,medium,very_high,No,medium,No,No,very_high,medium
medium,Female,very_high,very_high,medium,very_low,very_low,medium,very_high,medium,No,very_high,Yes,No,very_high,very_high
very_high,Male,medium,high,high,low,low,very_high,low,low,No,low,Yes,No,high,high
low,Female,medium,low,very_low,high,high,high,very_high,very_low,No,high,Yes,No,high,medium
low,Female,very_high,low,medium,very_high,very_low,very_low,high,high,No,high,No,No,high,very_high
very_high,Male,medium,low,high,low,very_high,very_high,very_low,very_high,No,very_low,No,No,very_low,very_low
medium,Female,high,medium,low,very_high,high,medium,very_low,low,No,medium,No,No,medium,medium
high,Male,very_low,low,very_low,high,very_low,very_low,medium,low,No,high,Yes,No,medium,low
very_high,Male,low,low,low,high,very_low,low,high,medium,No,high,No,No,low,high
high,Female,very_high,high,low,very_low,very_low,low,high,high,No,low,No,No,very_low,very_low
very_high,Male,high,low,low,very_high,very_low,medium,high,very_low,No,very_low,No,No,very_low,very_low
medium,Female,medium,medium,medium,very_low,very_low,low,very_high,high,No,medium,No,Yes,very_high,high
very_low,Female,low,high,very_high,very_low,very_low,very_low,medium,medium,No,high,No,No,medium,high
medium,Male,very_low,high,medium,medium,medium,very_low,low,low,No,very_low,No,No,very_high,high
very_high,Male,very_high,medium,very_low,medium,medium,medium,medium,medium,No,very_low,No,No,very_high,medium
very_low,Male,low,very_high,very_low,low,low,high,very_low,low,Yes,very_low,No,No,medium,high
medium,Male,very_low,medium,high,very_low,high,low,low,high,No,low,No,No,very_low,high
low,Female,medium,very_high,low,medium,very_high,very_low,very_low,high,No,very_low,No,No,low,very_low
medium,Female,medium,very_high,very_high,high,low,very_low,very_high,medium,No,very_high,No,No,very_low,medium
high,Male,medium,low,high,very_low,low,very_high,low,low,No,very_high,No,No,very_low,very_high
very_low,Female,very_low,high,very_high,very_low,medium,medium,very_high,low,No,low,No,No,very_low,medium
low,Female,very_low,medium,low,very_high,medium,medium,low,very_high,No,very_low,No,No,very_high,very_low
high,Female,medium,very_high,high,medium,medium,very_low,very_low,medium,No,medium,No,No,low,very_high
very_low,Female,very_high,low,low,very_low,high,high,low,medium,No,high,No,No,medium,medium
very_low,Male,very_low,high,very_high,medium,very_high,medium,low,medium,No,low,Yes,No,low,low
very_low,Male,high,medium,high,very_high,low,low,very_low,medium,No,very_low,No,No,medium,low
very_high,Female,low,very_high,low,medium,low,very_low,very_high,low,No,high,No,No,medium,high
high,Male,medium,medium,low,low,very_high,low,high,very_low,No,very_low,No,No,low,low
low,Male,very_low,low,very_low,high,medium,very_high,very_high,very_low,No,medium,No,No,high,very_low
very_high,Male,very_high,medium,high,high,very_high,very_high,high,high,No,very_low,Yes,No,high,very_low
medium,Female,very_high,medium,low,medium,high,high,very_low,low,No,medium,No,No,low,very_low
very_low,Female,very_high,high,medium,high,very_low,high,very_low,very_low,No,medium,No,No,low,low
high,Female,high,low,low,low,very_high,very_low,low,high,No,low,Yes,No,high,very_high
very_low,Male,low,medium,high,medium,very_low,medium,very_high,very_low,Yes,very_low,No,No,very_high,medium
high,Female,very_low,very_low,very_high,low,high,high,very_high,high,No,very_low,No,No,very_low,high
high,Female,very_low,very_high,high,very_high,high,low,very_low,low,No,high,No,No,high,low
very_low,Male,very_low,medium,high,low,very_high,very_high,low,very_low,Yes,low,No,No,very_low,high
high,Female,very_high,high,very_low,very_high,medium,low,low,low,No,low,No,No,very_low,high
low,Female,very_high,very_high,very_low,medium,very_high,low,very_low,very_low,No,medium,No,No,low,very_low
very_high,Male,very_high,very_high,high,high,medium,high,high,very_high,No,medium,No,No,medium,very_high
very_low,Male,very_high,high,low,low,medium,high,low,medium,No,very_low,No,No,low,medium
very_low,Male,low,low,medium,very_high,low,high,medium,very_low,No,very_low,Yes,No,very_high,high
medium,Female,medium,low,very_low,very_high,medium,very_low,very_low,low,No,low,No,No,medium,medium
medium,Female,medium,medium,low,very_low,medium,very_high,very_low,medium,Yes,low,No,No,low,very_high
medium,Female,medium,very_high,very_low,very_low,very_high,medium,very_low,very_low,No,very_low,No,No,very_high,low
low,Male,medium,low,very_high,high,very_low,medium,very_high,low,Yes,very_low,No,No,medium,low
very_low,Male,very_low,medium,low,very_high,medium,very_high,low,medium,No,very_high,No,No,high,low
high,Female,medium,high,medium,very_low,very_high,high,high,very_high,No,very_low,Yes,No,very_high,very_low
high,Female,very_low,very_low,very_low,very_low,medium,very_low,high,low,No,low,No,No,low,very_low
very_low,Male,low,high,high,high,very_low,high,very_low,high,No,very_low,No,No,medium,very_low
low,Male,very_low,medium,low,high,medium,very_low,low,very_high,No,low,No,No,medium,low
high,Male,medium,very_high,very_high,very_high,very_low,very_low,high,low,No,very_low,No,No,low,high
low,Male,very_high,very_high,very_high,very_low,high,medium,very_low,very_high,No,high,No,No,very_low,high
very_low,Female,very_low,very_low,low,high,high,very_high,medium,high,No,medium,No,No,low,high
low,Male,medium,medium,very_high,very_high,medium,very_low,very_low,low,No,very_low,No,No,medium,low
high,Female,low,high,very_high,very_high,high,high,low,very_high,Yes,high,No,No,medium,very_high
very_low,Female,very_high,high,very_high,low,medium,very_low,low,low,No,high,Yes,No,high,high
medium,Female,medium,very_high,very_high,medium,low,high,very_high,low,No,medium,No,No,very_low,very_high
very_low,Male,medium,medium,low,medium,high,medium,very_low,high,No,medium,No,No,very_low,high
very_high,Male,high,very_low,medium,very_low,low,high,very_high,medium,No,low,No,No,low,very_low
medium,Male,very_low,high,very_low,medium,high,low,very_high,low,No,low,Yes,No,low,medium
low,Male,very_high,very_high,very_low,very_high,medium,high,very_high,very_low,No,high,No,No,very_high,high
very_high,Female,medium,medium,very_high,very_high,very_low,very_high,very_high,high,Yes,very_low,Yes,No,medium,very_low
high,Male,low,very_high,low,very_low,very_low,high,very_high,high,No,very_low,No,No,low,very_high
very_high,Male,high,very_high,high,high,medium,medium,medium,medium,No,very_low,No,Yes,low,very_low
medium,Female,high,high,very_high,medium,very_high,very_high,very_low,very_high,Yes,medium,No,No,very_low,very_low
low,Male,very_low,very_low,very_high,high,low,very_low,very_high,low,No,high,No,No,high,very_low
very_low,Female,medium,low,very_high,high,very_high,high,low,low,No,very_low,No,No,very_low,very_low
low,Female,low,low,low,very_low,very_low,very_high,low,high,No,medium,Yes,No,medium,very_high
low,Female,low,high,very_low,low,very_low,very_low,very_low,high,No,high,No,No,medium,very_high
medium,Female,high,very_high,medium,high,medium,medium,very_high,low,No,very_low,No,No,high,medium
very_high,Female,very_low,high,very_low,very_low,very_high,low,very_low,very_low,No,very_low,No,No,high,very_low
very_low,Female,high,high,very_low,medium,medium,medium,very_low,very_high,Yes,high,No,No,medium,medium
high,Female,very_high,very_low,low,very_low,very_high,high,medium,very_high,No,low,No,No,high,medium
very_low,Female,very_low,very_high,high,very_high,medium,low,low,high,Yes,high,No,No,high,low
high,Male,very_high,very_low,medium,medium,very_low,medium,very_high,low,No,low,No,No,very_low,high
medium,Male,very_high,medium,low,medium,high,low,high,very_high,No,very_low,No,No,high,very_high
very_high,Male,high,medium,high,very_high,very_high,low,low,very_high,No,low,Yes,No,low,medium
very_high,Male,very_high,medium,low,medium,low,very_low,very_high,medium,No,low,No,No,high,low
low,Female,high,medium,very_low,high,medium,very_high,low,very_high,No,high,No,No,low,low
medium,Male,high,medium,high,low,very_low,very_low,high,very_high,No,medium,No,No,high,low
very_low,Female,medium,very_low,high,very_high,very_low,very_high,very_low,very_high,No,medium,No,No,medium,very_low
very_high,Male,low,very_high,high,high,very_low,medium,very_high,very_high,No,high,No,No,very_high,low
high,Male,medium,low,very_low,very_high,low,low,high,high,No,medium,Yes,No,very_low,high
medium,Male,very_high,medium,very_high,high,low,high,medium,medium,Yes,very_low,Yes,Yes,low,low
very_low,Female,high,very_high,high,medium,high,medium,very_high,medium,No,very_low,No,No,very_low,very_high
very_low,Male,low,high,medium,high,very_low,medium,high,high,No,very_low,No,No,very_low,very_high
very_low,Female,high,low,high,low,very_low,very_low,high,high,Yes,very_high,No,No,very_low,very_low
medium,Female,medium,low,very_high,low,medium,low,high,very_high,No,very_low,No,No,very_high,low
very_high,Male,very_low,very_high,medium,very_high,high,low,low,medium,No,very_low,No,No,low,high
very_high,Male,high,very_high,medium,very_low,very_low,very_low,medium,medium,No,very_high,No,No,high,medium
very_high,Male,very_low,medium,very_high,very_low,very_low,low,very_low,medium,No,very_low,No,No,very_low,low
high,Female,very_low,high,high,medium,very_low,very_low,very_high,high,No,low,No,No,high,very_low
low,Male,very_low,very_low,medium,medium,low,low,very_low,high,No,very_low,No,No,very_high,high
very_high,Female,low,medium,high,very_high,very_high,very_low,very_low,very_low,No,low,No,No,very_low,low
medium,Female,low,high,low,low,high,very_low,medium,medium,Yes,high,No,No,low,medium
medium,Male,medium,high,low,medium,low,low,low,very_low,No,high,Yes,Yes,high,very_low
very_high,Male,very_low,very_low,medium,high,medium,very_high,medium,very_low,No,high,No,No,very_high,medium
very_low,Female,high,medium,very_high,low,very_low,very_low,medium,high,No,low,Yes,No,low,very_high
very_high,Female,very_low,medium,very_high,low,medium,high,very_high,low,No,high,Yes,No,low,very_high
high,Female,medium,high,low,very_high,low,very_low,high,low,No,low,Yes,No,very_high,low
high,Male,low,high,medium,very_low,very_low,very_high,high,very_low,Yes,low,No,No,low,high
medium,Female,very_low,low,low,high,medium,very_low,high,very_low,No,very_low,No,No,very_low,high
high,Male,very_high,high,very_high,low,low,very_high,very_high,high,Yes,low,No,No,very_high,very_low
very_high,Female,high,very_low,very_high,very_low,high,high,very_low,medium,Yes,very_low,No,Yes,medium,high
high,Female,high,very_high,high,low,low,very_low,low,very_high,Yes,low,No,No,very_low,very_low
low,Male,very_high,very_low,very_high,very_high,high,very_high,very_high,low,No,low,No,No,low,very_high
low,Female,very_low,very_high,high,low,very_low,medium,very_high,low,No,medium,No,Yes,high,very_high
very_high,Male,high,low,medium,low,very_low,low,medium,low,No,high,No,Yes,high,high
low,Male,medium,very_low,very_low,very_high,very_low,high,high,high,No,very_low,No,No,very_low,medium
very_low,Female,very_high,very_low,medium,very_low,high,very_high,low,medium,Yes,very_high,No,Yes,very_high,low
very_high,Male,low,high,high,very_low,medium,medium,high,very_high,No,medium,No,No,high,low
medium,Male,very_low,low,high,low,very_high,low,very_high,medium,No,very_low,No,No,very_low,very_high
medium,Female,medium,low,low,medium,low,high,medium,medium,No,medium,No,No,medium,medium
medium,Male,high,low,very_high,medium,low,high,low,high,No,very_low,No,No,very_low,low
low,Male,very_high,medium,very_low,very_high,very_low,very_high,low,very_high,Yes,high,No,No,very_low,low
low,Male,high,very_low,medium,medium,high,high,high,low,No,very_low,No,No,medium,very_low
very_high,Female,high,low,high,very_low,very_low,low,very_high,low,No,very_high,No,No,low,medium
low,Male,very_high,very_low,high,low,low,very_high,very_high,high,No,medium,No,No,high,medium
high,Female,very_high,low,high,low,medium,very_low,medium,medium,No,medium,No,No,very_low,high
high,Female,high,medium,low,low,low,low,low,very_high,No,low,No,No,very_high,very_high
high,Male,high,low,very_low,medium,high,medium,medium,medium,No,low,No,No,low,very_high
very_low,Male,high,very_high,high,high,high,medium,high,very_low,No,very_low,No,No,low,very_high
low,Male,high,very_low,medium,medium,very_low,very_low,very_low,very_high,Yes,very_high,No,No,low,very_low
medium,Female,high,high,very_low,high,very_low,high,medium,very_high,No,very_high,No,No,medium,very_low
very_low,Male,very_low,high,high,medium,very_high,low,very_low,very_low,No,high,No,No,medium,very_high
very_high,Male,very_low,high,medium,medium,low,medium,very_low,very_high,No,very_high,No,No,very_high,very_high
very_high,Male,very_low,very_low,high,low,very_low,very_high,very_high,low,No,medium,No,No,high,high
very_high,Male,high,low,very_high,high,very_low,low,very_low,low,No,very_high,No,No,medium,low
very_low,Male,very_low,very_low,very_low,low,medium,very_low,medium,very_high,No,medium,No,No,very_low,medium
low,Female,high,very_low,very_low,very_low,low,very_low,low,medium,No,medium,No,Yes,high,very_high
low,Female,high,high,high,low,very_low,very_high,very_high,very_low,Yes,very_low,No,No,low,high
very_high,Male,very_low,low,medium,low,low,very_low,high,low,Yes,low,No,No,low,high
very_low,Male,low,medium,high,very_high,medium,low,medium,high,No,medium,No,No,very_high,high
very_low,Male,very_high,high,very_high,medium,low,medium,medium,very_low,No,very_low,Yes,No,high,low
very_low,Male,very_low,very_low,very_high,very_low,high,medium,very_low,medium,No,very_low,No,No,high,medium
medium,Female,very_low,very_high,very_high,very_high,medium,very_low,very_low,high,No,high,No,No,very_low,very_low
low,Male,very_high,low,medium,very_high,medium,medium,medium,low,No,very_low,Yes,No,low,high
very_low,Female,medium,low,medium,medium,very_low,low,high,high,No,medium,No,No,very_high,low
medium,Female,high,low,medium,very_low,very_high,very_high,low,very_high,No,medium,No,No,very_high,very_high
very_low,Male,medium,high,very_low,very_low,medium,very_low,very_high,medium,No,high,No,No,very_low,low
low,Female,very_low,high,medium,medium,low,low,low,low,No,low,No,No,medium,low
medium,Female,high,very_high,low,high,very_high,medium,very_low,low,No,low,No,No,low,medium
very_high,Female,very_low,high,very_high,low,very_high,low,very_low,medium,No,very_low,No,No,medium,high
very_low,Female,very_high,medium,medium,very_low,low,high,medium,very_high,No,very_low,No,No,medium,low
very_high,Male,very_low,very_high,medium,very_high,low,low,low,low,Yes,low,No,No,very_high,low
medium,Male,very_high,low,low,very_high,very_low,low,high,low,No,very_low,No,No,very_high,very_high
medium,Female,very_low,very_low,very_low,very_high,medium,high,high,low,No,low,No,No,low,high
low,Male,medium,low,very_low,very_low,medium,medium,high,medium,No,very_low,No,No,medium,high
very_low,Male,very_low,very_high,medium,low,medium,medium,very_high,low,No,low,No,No,high,medium
very_high,Male,very_low,high,very_low,very_high,medium,very_low,very_high,very_high,No,medium,Yes,No,very_high,very_low
very_high,Male,medium,high,medium,very_high,very_high,very_low,very_high,low,No,very_low,No,Yes,very_high,low
high,Male,very_high,high,very_high,very_high,low,very_low,very_low,high,No,very_high,No,No,very_low,very_low
medium,Female,very_low,high,very_high,low,high,very_low,high,medium,No,high,No,No,very_high,high
medium,Male,high,very_low,high,medium,medium,medium,high,medium,No,medium,No,No,low,medium
medium,Male,low,very_low,low,high,low,very_high,low,very_low,No,medium,No,No,very_high,high
high,Male,high,medium,very_high,low,low,low,low,high,Yes,very_low,No,No,very_low,low
medium,Male,high,high,very_high,low,medium,low,low,very_low,No,low,No,No,low,low
low,Female,medium,high,very_low,very_high,low,very_low,low,very_low,No,very_low,No,No,very_low,medium
very_high,Female,medium,low,high,very_high,high,low,high,medium,Yes,very_high,No,No,very_high,low
low,Female,very_low,very_high,low,medium,low,very_low,low,high,No,very_low,No,No,medium,very_low
very_low,Female,medium,medium,very_high,medium,medium,very_high,medium,very_low,No,high,No,No,medium,high
medium,Male,very_high,very_high,very_high,low,high,high,low,very_low,No,medium,No,No,medium,high
very_high,Female,high,very_high,very_low,low,very_high,very_high,very_high,high,No,medium,No,No,low,high
low,Male,very_low,very_high,very_high,medium,very_low,very_high,high,very_high,No,very_high,Yes,No,low,very_low
very_low,Male,low,very_low,high,medium,very_high,medium,very_high,low,No,very_high,No,Yes,high,high
medium,Male,medium,high,very_high,high,very_low,medium,very_high,high,No,very_high,No,No,very_low,very_low
high,Male,medium,very_high,medium,medium,very_high,very_low,low,medium,Yes,low,Yes,No,medium,very_low
medium,Male,very_high,medium,very_high,high,very_high,medium,very_high,high,No,medium,Yes,No,very_high,very_high
very_low,Female,low,low,very_low,medium,very_low,very_high,very_low,very_high,No,high,No,No,low,medium
high,Female,very_high,high,low,low,very_low,very_low,high,very_low,Yes,very_low,No,No,very_low,high
medium,Female,medium,very_high,very_low,low,very_low,very_high,very_high,high,Yes,high,No,No,very_low,very_high
very_high,Female,low,high,very_high,low,very_low,low,low,medium,No,low,No,No,high,very_high
very_low,Male,low,very_low,very_high,very_low,very_high,very_high,low,medium,No,low,No,No,low,medium
low,Female,low,medium,very_high,medium,very_low,very_high,low,high,Yes,medium,No,No,high,medium
high,Male,low,very_high,very_high,medium,low,high,high,very_high,No,medium,No,No,high,very_low
very_low,Female,low,low,very_low,very_high,high,high,very_low,very_low,No,very_high,No,No,very_high,low
high,Male,very_low,very_high,low,high,very_low,medium,very_high,very_low,Yes,high,No,No,medium,high
low,Male,low,medium,very_low,medium,very_low,very_high,very_low,very_low,No,high,No,No,high,low
very_low,Female,very_low,low,low,very_low,medium,very_high,very_high,very_high,No,high,No,No,very_low,medium
very_low,Male,low,medium,low,very_high,low,high,medium,high,No,very_low,No,No,low,low
very_high,Male,medium,high,medium,low,low,high,medium,medium,No,very_high,No,No,very_high,high
medium,Female,very_high,medium,low,high,high,high,high,very_low,Yes,medium,No,No,medium,low
high,Male,medium,very_high,very_low,very_low,very_low,very_high,very_low,very_high,No,medium,No,Yes,very_high,very_high
very_high,Female,medium,high,very_low,very_high,low,medium,very_low,very_high,Yes,high,No,No,high,very_high
high,Female,high,medium,very_low,medium,very_low,high,medium,high,No,very_high,No,No,medium,low
very_low,Female,very_low,low,very_high,medium,medium,medium,high,low,No,very_high,Yes,No,medium,low
very_high,Male,low,very_low,high,low,very_low,very_low,high,very_low,No,low,No,No,medium,low
very_high,Male,high,low,very_high,very_low,low,low,very_low,medium,No,low,No,No,very_high,low
medium,Male,very_high,medium,medium,very_high,high,medium,high,high,No,high,No,No,very_high,very_low
very_high,Female,very_low,very_low,low,medium,high,very_low,medium,very_low,No,very_low,Yes,No,medium,medium
very_low,Male,medium,very_high,very_high,medium,high,very_low,medium,high,No,medium,No,No,low,very_low
low,Female,medium,very_high,low,medium,medium,medium,very_low,low,No,low,No,Yes,very_low,medium
medium,Female,low,medium,low,medium,medium,very_low,medium,high,No,low,No,No,high,very_low
high,Male,very_low,low,low,low,low,low,high,medium,No,low,No,No,high,very_high
high,Female,medium,medium,very_low,medium,very_low,high,low,very_low,No,very_low,No,No,medium,high
