dataset,variant_raw,run_id,log_path,cv_mean_score,cv_std_score,grid_search_time_sec,final_training_time_sec,total_execution_time_sec,variant
NPHA,baseline,run_2026_09_01_10_04_11,risultati_nesy_agosto/NPHA/baseline/run_2026_09_01_10_04_11/logs/execution.log,0.6740387280782064,0.008172966165753583,10457.2568,17.7167,10474.9735,B
NPHA,CAR,run_2026_09_03_12_50_33,risultati_nesy_agosto/NPHA/CAR/run_2026_09_03_12_50_33/logs/execution.log,0.7012246251106262,0.0035472921617247313,2082.9122,36.7448,2119.657,N
NPHA,CAR_Accuracy,run_2026_09_03_17_01_57,risultati_nesy_agosto/NPHA/CAR_Accuracy/run_2026_09_03_17_01_57/logs/execution.log,0.6897876660029093,0.008884497786546366,1122.2326,11.7864,1134.019,NA
NPHA,CAR_TopK,run_2026_09_03_17_43_20,risultati_nesy_agosto/NPHA/CAR_TopK/run_2026_09_03_17_43_20/logs/execution.log,0.6890902916590372,0.007899477224204827,1313.7596,15.6739,1329.4335,NK
NPHA,Split_Accuracy,run_2026_09_03_14_36_10,risultati_nesy_agosto/NPHA/Split_Accuracy/run_2026_09_03_14_36_10/logs/execution.log,0.6900230447451273,0.008300358994087374,1849.4605,28.2301,1877.6906,NSA
NPHA,Split_Lift_Accuracy,run_2026_09_04_12_31_42,risultati_nesy_agosto/NPHA/Split_Lift_Accuracy/run_2026_09_04_12_31_42/logs/execution.log,0.6774150530497233,0.013857928310895896,1143.1603,11.0497,1154.21,NSAL
NPHA,Split_TopK,run_2026_09_04_11_47_07,risultati_nesy_agosto/NPHA/Split_TopK/run_2026_09_04_11_47_07/logs/execution.log,0.6876868406931559,0.009963008061208447,1309.8913,17.1227,1327.014,NSK
NPHA,Split_Lift_TopK,run_2026_09_04_13_11_42,risultati_nesy_agosto/NPHA/Split_Lift_TopK/run_2026_09_04_13_11_42/logs/execution.log,0.6861979961395264,0.007822347515768237,1232.6115,15.587,1248.1985,NSKL
activity,baseline,run_2026_09_01_12_59_50,risultati_nesy_agosto/activity/baseline/run_2026_09_01_12_59_50/logs/execution.log,0.5408026973406473,0.005759987099884843,14408.2134,30.6156,14438.829,B
activity,CAR,run_2026_09_03_13_26_51,risultati_nesy_agosto/activity/CAR/run_2026_09_03_13_26_51/logs/execution.log,0.5421821673711141,0.019157520906501274,1897.6847,38.0824,1935.7671,N
activity,CAR_Accuracy,run_2026_09_03_17_21_40,risultati_nesy_agosto/activity/CAR_Accuracy/run_2026_09_03_17_21_40/logs/execution.log,0.6298319498697916,0.023147790015549712,1236.8939,15.5561,1252.45,NA
activity,CAR_TopK,run_2026_09_03_18_06_24,risultati_nesy_agosto/activity/CAR_TopK/run_2026_09_03_18_06_24/logs/execution.log,0.5974109768867493,0.015781435785066873,1251.3544,13.8618,1265.2161999999998,NK
activity,Split_Accuracy,run_2026_09_03_15_08_33,risultati_nesy_agosto/activity/Split_Accuracy/run_2026_09_03_15_08_33/logs/execution.log,0.5323470830917358,0.00040516396889452505,2110.1003,62.2,2172.3003,NSA
activity,Split_Lift_Accuracy,run_2026_09_04_12_51_46,risultati_nesy_agosto/activity/Split_Lift_Accuracy/run_2026_09_04_12_51_46/logs/execution.log,0.5685789187749227,0.04449750667961134,1135.4845,13.379,1148.8635,NSAL
activity,Split_TopK,run_2026_09_04_12_10_20,risultati_nesy_agosto/activity/Split_TopK/run_2026_09_04_12_10_20/logs/execution.log,0.5312954187393188,0.011351308110696417,1216.199,15.2069,1231.4059,NSK
activity,Split_Lift_TopK,run_2026_09_04_13_33_23,risultati_nesy_agosto/activity/Split_Lift_TopK/run_2026_09_04_13_33_23/logs/execution.log,0.528533806403478,0.024111232960802313,1136.9278,13.508,1150.4358,NSKL
adult,baseline,run_2026_05_13_09_53_17,risultati_nesy_agosto/adult/baseline/run_2026_05_13_09_53_17/logs/execution.log,0.9024598936239879,0.00039356744670818774,70337.5772,1182.6415,71520.2187,B
adult,CAR,run_2026_06_26_11_30_08,risultati_nesy_agosto/adult/CAR/run_2026_06_26_11_30_08/logs/execution.log,0.9241866787274678,0.0022550077078426576,141391.4613,1972.0829,143363.5442,N
adult,CAR_Accuracy,run_2026_07_02_18_52_55,risultati_nesy_agosto/adult/CAR_Accuracy/run_2026_07_02_18_52_55/logs/execution.log,0.9017890969912211,0.001702699439355697,47590.35,2030.2504,49620.600399999996,NA
adult,CAR_TopK,run_2026_07_05_02_45_50,risultati_nesy_agosto/adult/CAR_TopK/run_2026_07_05_02_45_50/logs/execution.log,0.900800347328186,0.0018596713582563163,20301.0466,2040.1631,22341.209700000003,NK
adult,Split_Accuracy,run_2026_07_07_16_08_12,risultati_nesy_agosto/adult/Split_Accuracy/run_2026_07_07_16_08_12/logs/execution.log,0.9495187004407247,0.000631165451626001,20051.6245,2049.5665,22101.191000000003,NSA
adult,Split_Lift_Accuracy,run_2026_07_13_10_51_03,risultati_nesy_agosto/adult/Split_Lift_Accuracy/run_2026_07_13_10_51_03/logs/execution.log,0.9034782389799755,0.0012352233619843864,18935.1299,1947.2605,20882.3904,NSAL
adult,Split_TopK,run_2026_07_09_03_39_59,risultati_nesy_agosto/adult/Split_TopK/run_2026_07_09_03_39_59/logs/execution.log,0.9059045533339182,0.00046255043064651757,20175.6643,2052.613,22228.2773,NSK
adult,Split_Lift_TopK,run_2026_07_15_09_45_29,risultati_nesy_agosto/adult/Split_Lift_TopK/run_2026_07_15_09_45_29/logs/execution.log,0.9057721714178721,0.0010470016948339648,19554.611,1987.7909,21542.4019,NSKL
amazon,baseline,run_2026_06_10_20_12_14,risultati_nesy_agosto/amazon/baseline/run_2026_06_10_20_12_14/logs/execution.log,0.7755992340319086,0.005752027979812951,15381.2789,961.5899,16342.8688,B
amazon,CAR,run_2026_06_11_08_00_58,risultati_nesy_agosto/amazon/CAR/run_2026_06_11_08_00_58/logs/execution.log,0.7785510312427174,0.00806512965307031,21267.9054,1782.4657,23050.3711,N
amazon,CAR_Accuracy,run_2026_06_12_09_12_58,risultati_nesy_agosto/amazon/CAR_Accuracy/run_2026_06_12_09_12_58/logs/execution.log,0.9448600953275507,0.0060317031330936665,20019.137,1699.6439,21718.780899999998,NA
amazon,CAR_TopK,run_2026_06_26_11_51_48,risultati_nesy_agosto/amazon/CAR_TopK/run_2026_06_26_11_51_48/logs/execution.log,0.9478003509116895,0.007410960962181257,18256.3097,1708.0312,19964.340900000003,NK
amazon,Split_Accuracy,run_2026_06_27_09_01_39,risultati_nesy_agosto/amazon/Split_Accuracy/run_2026_06_27_09_01_39/logs/execution.log,0.8337509270870324,0.007741160540947957,16028.8034,1633.5059,17662.3093,NSA
amazon,Split_Lift_Accuracy,run_2026_06_29_09_56_01,risultati_nesy_agosto/amazon/Split_Lift_Accuracy/run_2026_06_29_09_56_01/logs/execution.log,0.8006084272355745,0.010664850876643144,18138.679,1870.2791,20008.9581,NSAL
amazon,Split_TopK,run_2026_06_28_12_49_31,risultati_nesy_agosto/amazon/Split_TopK/run_2026_06_28_12_49_31/logs/execution.log,0.98211443604845,0.002012019287106508,17164.2085,1706.8709,18871.079400000002,NSK
amazon,Split_Lift_TopK,run_2026_07_22_23_00_30,risultati_nesy_agosto/amazon/Split_Lift_TopK/run_2026_07_22_23_00_30/logs/execution.log,0.8081973646626328,0.009520761746661064,16905.9413,1793.5987,18699.539999999997,NSKL
diabetes,baseline,run_2026_06_11_01_01_59,risultati_nesy_agosto/diabetes/baseline/run_2026_06_11_01_01_59/logs/execution.log,0.8351720372835795,0.01737493688206898,619.2481,33.2462,652.4943000000001,B
diabetes,CAR,run_2026_06_11_15_02_09,risultati_nesy_agosto/diabetes/CAR/run_2026_06_11_15_02_09/logs/execution.log,0.8848318060239156,0.012890539376409339,2152.9638,102.4944,2255.4582,N
diabetes,CAR_Accuracy,run_2026_06_24_14_59_37,risultati_nesy_agosto/diabetes/CAR_Accuracy/run_2026_06_24_14_59_37/logs/execution.log,0.8703497052192688,0.010032219196261249,1166.0495,57.9573,1224.0068,NA
diabetes,CAR_TopK,run_2026_06_26_17_57_22,risultati_nesy_agosto/diabetes/CAR_TopK/run_2026_06_26_17_57_22/logs/execution.log,0.8687832951545715,0.0078056174635833635,1209.9757,55.5125,1265.4882,NK
diabetes,Split_Accuracy,run_2026_06_27_14_26_51,risultati_nesy_agosto/diabetes/Split_Accuracy/run_2026_06_27_14_26_51/logs/execution.log,0.8791816830635071,0.014736961682580174,1145.744,52.891,1198.635,NSA
diabetes,Split_Lift_Accuracy,run_2026_06_29_16_05_01,risultati_nesy_agosto/diabetes/Split_Lift_Accuracy/run_2026_06_29_16_05_01/logs/execution.log,0.8655906716982523,0.006877464515799307,1332.0715,64.5978,1396.6693,NSAL
diabetes,Split_TopK,run_2026_06_28_18_34_51,risultati_nesy_agosto/diabetes/Split_TopK/run_2026_06_28_18_34_51/logs/execution.log,0.8960968057314554,0.020628261770408596,1154.5171,55.3483,1209.8654000000001,NSK
diabetes,Split_Lift_TopK,run_2026_07_23_04_13_04,risultati_nesy_agosto/diabetes/Split_Lift_TopK/run_2026_07_23_04_13_04/logs/execution.log,0.8753292560577393,0.02688842222204163,1139.976,57.9802,1197.9562,NSKL
diabetes012,baseline,run_2026_07_01_14_30_53,risultati_nesy_agosto/diabetes012/baseline/run_2026_07_01_14_30_53/logs/execution.log,0.9556507925431892,0.0006541452472778629,90845.4194,9316.4813,100161.9007,B
diabetes012,CAR,run_2026_07_02_18_20_54,risultati_nesy_agosto/diabetes012/CAR/run_2026_07_02_18_20_54/logs/execution.log,0.9694563241368795,0.0002486508067702769,163337.9587,14760.7243,178098.683,N
diabetes012,CAR_Accuracy,run_2026_07_17_16_48_17,risultati_nesy_agosto/diabetes012/CAR_Accuracy/run_2026_07_17_16_48_17/logs/execution.log,0.9555160056156327,0.0006959363506273392,162566.6407,17120.8167,179687.45739999998,NA
diabetes012,CAR_TopK,run_2026_07_20_10_46_59,risultati_nesy_agosto/diabetes012/CAR_TopK/run_2026_07_20_10_46_59/logs/execution.log,0.9671567671270256,0.0005334901952070412,170711.097,17349.487,188060.584,NK
diabetes012,Split_Accuracy,run_2026_07_22_15_07_07,risultati_nesy_agosto/diabetes012/Split_Accuracy/run_2026_07_22_15_07_07/logs/execution.log,0.9618730896926788,0.0006514652517155472,159959.8669,16514.1365,176474.0034,NSA
diabetes012,Split_Lift_Accuracy,run_2026_07_27_18_27_57,risultati_nesy_agosto/diabetes012/Split_Lift_Accuracy/run_2026_07_27_18_27_57/logs/execution.log,0.9555468037425275,0.0007402285702350207,146391.431,15362.8839,161754.3149,NSAL
diabetes012,Split_TopK,run_2026_07_24_16_09_53,risultati_nesy_agosto/diabetes012/Split_TopK/run_2026_07_24_16_09_53/logs/execution.log,0.9650617823543319,0.0005760158431149014,166690.3648,17516.4363,184206.8011,NSK
diabetes012,Split_Lift_TopK,run_2026_07_29_20_03_44,risultati_nesy_agosto/diabetes012/Split_Lift_TopK/run_2026_07_29_20_03_44/logs/execution.log,0.9718098575810353,0.00030303056947402195,165012.2691,17069.7904,182082.0595,NSKL
irrigation,baseline,run_2026_06_11_01_13_08,risultati_nesy_agosto/irrigation/baseline/run_2026_06_11_01_13_08/logs/execution.log,0.9733971357345581,0.0026411448563853916,4437.8305,367.8236,4805.6541,B
irrigation,CAR,run_2026_06_11_15_40_35,risultati_nesy_agosto/irrigation/CAR/run_2026_06_11_15_40_35/logs/execution.log,0.9703210244576136,0.0008080950476055871,12002.0284,975.6407,12977.6691,N
irrigation,CAR_Accuracy,run_2026_06_24_15_20_42,risultati_nesy_agosto/irrigation/CAR_Accuracy/run_2026_06_24_15_20_42/logs/execution.log,0.9703886657953262,0.0008525833039371665,6333.2053,587.7219,6920.9272,NA
irrigation,CAR_TopK,run_2026_06_26_18_19_09,risultati_nesy_agosto/irrigation/CAR_TopK/run_2026_06_26_18_19_09/logs/execution.log,0.9704034477472305,0.0008680014252559104,7233.7559,866.0069,8099.7628,NK
irrigation,Split_Accuracy,run_2026_06_27_14_47_31,risultati_nesy_agosto/irrigation/Split_Accuracy/run_2026_06_27_14_47_31/logs/execution.log,0.9794044891993204,0.0007552538268548665,6078.7593,553.1051,6631.8643999999995,NSA
irrigation,Split_Lift_Accuracy,run_2026_06_29_16_29_02,risultati_nesy_agosto/irrigation/Split_Lift_Accuracy/run_2026_06_29_16_29_02/logs/execution.log,0.9590824594100317,0.0009855883596777983,6449.4487,584.2479,7033.6966,NSAL
irrigation,Split_TopK,run_2026_06_28_18_55_41,risultati_nesy_agosto/irrigation/Split_TopK/run_2026_06_28_18_55_41/logs/execution.log,0.9900244623422623,0.0006103227164056506,9051.5335,939.0774,9990.6109,NSK
irrigation,Split_Lift_TopK,run_2026_07_23_04_33_42,risultati_nesy_agosto/irrigation/Split_Lift_TopK/run_2026_07_23_04_33_42/logs/execution.log,0.9595631410678228,0.0008597338069934797,6288.2654,565.3432,6853.6086000000005,NSKL
loan,baseline,run_2026_05_14_05_45_54,risultati_nesy_agosto/loan/baseline/run_2026_05_14_05_45_54/logs/execution.log,0.9738563521235597,0.0003745150639181189,119602.5287,1053.5961,120656.12479999999,B
loan,CAR,run_2026_06_03_15_06_04,risultati_nesy_agosto/loan/CAR/run_2026_06_03_15_06_04/logs/execution.log,0.9665297129574943,0.001012202803527863,603460.4956,3338.0678,606798.5634,N
loan,CAR_Accuracy,run_2026_07_03_08_41_45,risultati_nesy_agosto/loan/CAR_Accuracy/run_2026_07_03_08_41_45/logs/execution.log,0.9676726904569888,0.0007937218852375371,77671.2425,3480.6442,81151.88669999999,NA
loan,CAR_TopK,run_2026_07_05_08_58_47,risultati_nesy_agosto/loan/CAR_TopK/run_2026_07_05_08_58_47/logs/execution.log,0.971706423104978,0.0006780496405950439,33332.1219,3504.2216,36836.343499999995,NK
loan,Split_Accuracy,run_2026_07_07_22_17_11,risultati_nesy_agosto/loan/Split_Accuracy/run_2026_07_07_22_17_11/logs/execution.log,0.9601008646628436,0.00232113719000799,31539.1539,3271.4275,34810.5814,NSA
loan,Split_Lift_Accuracy,run_2026_07_13_16_39_41,risultati_nesy_agosto/loan/Split_Lift_Accuracy/run_2026_07_13_16_39_41/logs/execution.log,0.9681445944542979,9.214371001068149e-05,31601.5501,3272.9385,34874.4886,NSAL
loan,Split_TopK,run_2026_07_09_09_51_05,risultati_nesy_agosto/loan/Split_TopK/run_2026_07_09_09_51_05/logs/execution.log,0.9781833396238439,0.00040072089653855154,33130.8628,3500.3852,36631.248,NSK
loan,Split_Lift_TopK,run_2026_07_15_15_45_05,risultati_nesy_agosto/loan/Split_Lift_TopK/run_2026_07_15_15_45_05/logs/execution.log,0.963470897253822,0.0017348939933671964,32241.977,3350.0178,35591.9948,NSKL
pollution,baseline,run_2026_06_11_04_05_38,risultati_nesy_agosto/pollution/baseline/run_2026_06_11_04_05_38/logs/execution.log,0.9953314363956451,0.001460601647708129,2551.3377,193.6311,2744.9688,B
pollution,CAR,run_2026_06_11_22_01_01,risultati_nesy_agosto/pollution/CAR/run_2026_06_11_22_01_01/logs/execution.log,0.995848536491394,0.0009024582674442156,3948.8685,344.5501,4293.4186,N
pollution,CAR_Accuracy,run_2026_06_24_19_57_56,risultati_nesy_agosto/pollution/CAR_Accuracy/run_2026_06_24_19_57_56/logs/execution.log,0.9958719313144684,0.0014297757251766794,3789.0,327.1534,4116.1534,NA
pollution,CAR_TopK,run_2026_06_26_20_35_11,risultati_nesy_agosto/pollution/CAR_TopK/run_2026_06_26_20_35_11/logs/execution.log,0.9958944320678711,0.0015324025751509512,4839.796,312.0991,5151.895100000001,NK
pollution,Split_Accuracy,run_2026_06_27_16_39_00,risultati_nesy_agosto/pollution/Split_Accuracy/run_2026_06_27_16_39_00/logs/execution.log,0.9950651129086813,0.0005300339505578407,3669.027,323.0732,3992.1002,NSA
pollution,Split_Lift_Accuracy,run_2026_06_29_18_27_33,risultati_nesy_agosto/pollution/Split_Lift_Accuracy/run_2026_06_29_18_27_33/logs/execution.log,0.9953619043032328,0.0011141904292009655,4017.0606,303.746,4320.8066,NSAL
pollution,Split_TopK,run_2026_06_28_21_43_18,risultati_nesy_agosto/pollution/Split_TopK/run_2026_06_28_21_43_18/logs/execution.log,0.9983020524183909,0.0004867591686108014,4274.8984,316.0775,4590.9759,NSK
pollution,Split_Lift_TopK,run_2026_07_23_06_28_55,risultati_nesy_agosto/pollution/Split_Lift_TopK/run_2026_07_23_06_28_55/logs/execution.log,0.9940334657828013,0.0021594629888585137,3767.6476,322.8369,4090.4844999999996,NSKL
student_performance,baseline,run_2026_06_30_17_45_55,risultati_nesy_agosto/student_performance/baseline/run_2026_06_30_17_45_55/logs/execution.log,0.9367714921633402,0.00904895055131372,889.2903,105.5694,994.8597,B
student_performance,CAR,run_2026_06_30_18_02_52,risultati_nesy_agosto/student_performance/CAR/run_2026_06_30_18_02_52/logs/execution.log,0.9312108953793844,0.008109035534760759,2358.3189,147.4936,2505.8125,N
student_performance,CAR_Accuracy,run_2026_06_30_18_45_35,risultati_nesy_agosto/student_performance/CAR_Accuracy/run_2026_06_30_18_45_35/logs/execution.log,0.9374005595842997,0.009116612603241906,2339.3138,148.8907,2488.2045,NA
student_performance,CAR_TopK,run_2026_06_30_19_28_01,risultati_nesy_agosto/student_performance/CAR_TopK/run_2026_06_30_19_28_01/logs/execution.log,0.9370803236961365,0.006154394403692013,2422.4094,152.5653,2574.9747,NK
student_performance,Split_Accuracy,run_2026_06_30_20_11_53,risultati_nesy_agosto/student_performance/Split_Accuracy/run_2026_06_30_20_11_53/logs/execution.log,0.951784352461497,0.008066680856739996,2348.8851,156.185,2505.0701,NSA
student_performance,Split_Lift_Accuracy,run_2026_06_30_21_37_15,risultati_nesy_agosto/student_performance/Split_Lift_Accuracy/run_2026_06_30_21_37_15/logs/execution.log,0.9515470465024313,0.006750659128097493,2347.2983,150.3961,2497.6944,NSAL
student_performance,Split_TopK,run_2026_06_30_20_54_35,risultati_nesy_agosto/student_performance/Split_TopK/run_2026_06_30_20_54_35/logs/execution.log,0.9675169388453165,0.004655432833583919,2350.6611,152.9997,2503.6607999999997,NSK
student_performance,Split_Lift_TopK,run_2026_07_01_09_46_09,risultati_nesy_agosto/student_performance/Split_Lift_TopK/run_2026_07_01_09_46_09/logs/execution.log,0.9416869084040324,0.010405595623668148,3951.474,246.5125,4197.9865,NSKL
studentdespression,baseline,run_2026_06_11_04_51_43,risultati_nesy_agosto/studentdespression/baseline/run_2026_06_11_04_51_43/logs/execution.log,0.8237334052721659,0.11500348668773466,10482.461,852.5501,11335.0111,B
studentdespression,CAR,run_2026_07_22_17_47_12,risultati_nesy_agosto/studentdespression/CAR/run_2026_07_22_17_47_12/logs/execution.log,0.9549924314022064,0.002626560057927654,17293.0509,1454.3847,18747.435599999997,N
studentdespression,CAR_Accuracy,run_2026_06_24_21_07_34,risultati_nesy_agosto/studentdespression/CAR_Accuracy/run_2026_06_24_21_07_34/logs/execution.log,0.9136522769927979,0.002667343628983557,18375.3559,1558.1542,19933.5101,NA
studentdespression,CAR_TopK,run_2026_06_26_22_01_58,risultati_nesy_agosto/studentdespression/CAR_TopK/run_2026_06_26_22_01_58/logs/execution.log,0.9446861167748769,0.017792612694601556,15099.3704,1539.3864,16638.7568,NK
studentdespression,Split_Accuracy,run_2026_06_27_17_46_28,risultati_nesy_agosto/studentdespression/Split_Accuracy/run_2026_06_27_17_46_28/logs/execution.log,0.8085469643274942,0.1292347520935487,14512.2398,1429.3096,15941.5494,NSA
studentdespression,Split_Lift_Accuracy,run_2026_06_29_19_40_39,risultati_nesy_agosto/studentdespression/Split_Lift_Accuracy/run_2026_06_29_19_40_39/logs/execution.log,0.912630291779836,0.04742503059057705,15019.1747,1574.5333,16593.708,NSAL
studentdespression,Split_TopK,run_2026_06_28_23_00_45,risultati_nesy_agosto/studentdespression/Split_TopK/run_2026_06_28_23_00_45/logs/execution.log,0.9378895739714305,0.008137444425163485,15250.4987,1536.5386,16787.0373,NSK
studentdespression,Split_Lift_TopK,run_2026_07_23_07_38_01,risultati_nesy_agosto/studentdespression/Split_Lift_TopK/run_2026_07_23_07_38_01/logs/execution.log,0.9520327389240265,0.0013634027794305068,17818.5454,1518.9585,19337.5039,NSKL
