dataset,support,confidence,n_regole_totali,n_regole_lift_gt1,pct_regole_lift_gt1
adult,0.2,0.7,6020,4961,82.41
adult,0.2,0.75,5286,4390,83.05
adult,0.2,0.8,4286,3517,82.06
adult,0.2,0.85,3160,2635,83.39
adult,0.2,0.9,2096,1814,86.55
amazon,0.2,0.7,66,41,62.12
amazon,0.2,0.75,48,34,70.83
amazon,0.2,0.8,35,25,71.43
amazon,0.2,0.85,30,20,66.67
amazon,0.2,0.9,25,15,60.0
click,0.2,0.7,12,12,100.0
click,0.2,0.75,9,9,100.0
click,0.2,0.8,8,8,100.0
click,0.2,0.85,4,4,100.0
click,0.2,0.9,3,3,100.0
diabetes,0.2,0.7,96,75,78.12
diabetes,0.2,0.75,75,54,72.0
diabetes,0.2,0.8,69,48,69.57
diabetes,0.2,0.85,61,40,65.57
diabetes,0.2,0.9,45,26,57.78
diabetes012,0.2,0.7,4714906,4489506,95.22
diabetes012,0.2,0.75,3739055,3537084,94.6
diabetes012,0.2,0.8,2783192,2600631,93.44
diabetes012,0.2,0.85,1872302,1708287,91.24
diabetes012,0.2,0.9,1038803,907167,87.33
health_lifestyle,0.2,0.7,64,50,78.12
health_lifestyle,0.2,0.75,40,29,72.5
health_lifestyle,0.2,0.8,11,11,100.0
health_lifestyle,0.2,0.85,0,0,0.0
health_lifestyle,0.2,0.9,0,0,0.0
irrigation,0.2,0.7,3,3,100.0
irrigation,0.2,0.75,2,2,100.0
irrigation,0.2,0.8,2,2,100.0
irrigation,0.2,0.85,0,0,0.0
irrigation,0.2,0.9,0,0,0.0
loan,0.2,0.7,478,315,65.9
loan,0.2,0.75,404,253,62.62
loan,0.2,0.8,362,223,61.6
loan,0.2,0.85,254,186,73.23
loan,0.2,0.9,157,127,80.89
nursery,0.2,0.7,4,4,100.0
nursery,0.2,0.75,4,4,100.0
nursery,0.2,0.8,4,4,100.0
nursery,0.2,0.85,4,4,100.0
nursery,0.2,0.9,4,4,100.0
pollution,0.2,0.7,54,54,100.0
pollution,0.2,0.75,53,53,100.0
pollution,0.2,0.8,47,47,100.0
pollution,0.2,0.85,45,45,100.0
pollution,0.2,0.9,42,42,100.0
student_performance,0.2,0.7,176,84,47.73
student_performance,0.2,0.75,144,52,36.11
student_performance,0.2,0.8,112,52,46.43
student_performance,0.2,0.85,11,11,100.0
student_performance,0.2,0.9,0,0,0.0
studentdespression,0.2,0.7,1416,969,68.43
studentdespression,0.2,0.75,1389,942,67.82
studentdespression,0.2,0.8,1254,807,64.35
studentdespression,0.2,0.85,1191,744,62.47
studentdespression,0.2,0.9,1038,591,56.94
